Season,Variable,Year,Cluster,Frequency_Percentage
DJF,MSE,1982,1,29.3109622
DJF,MSE,1982,2,7.928794312
DJF,MSE,1982,3,7.422374546
DJF,MSE,1982,4,15.13120876
DJF,MSE,1982,5,40.20666019
DJF,MSE,1983,1,30.35960919
DJF,MSE,1983,2,7.841833342
DJF,MSE,1983,3,9.05928692
DJF,MSE,1983,4,14.23090695
DJF,MSE,1983,5,38.5083636
DJF,MSE,1984,1,30.61026139
DJF,MSE,1984,2,8.440329429
DJF,MSE,1984,3,10.76781421
DJF,MSE,1984,4,18.10834314
DJF,MSE,1984,5,32.07325183
DJF,MSE,1985,1,29.43373063
DJF,MSE,1985,2,9.27924702
DJF,MSE,1985,3,9.089979027
DJF,MSE,1985,4,17.67353829
DJF,MSE,1985,5,34.52350504
DJF,MSE,1986,1,28.50785206
DJF,MSE,1986,2,8.332907054
DJF,MSE,1986,3,7.887871502
DJF,MSE,1986,4,18.41014886
DJF,MSE,1986,5,36.86122052
DJF,MSE,1987,1,28.43623715
DJF,MSE,1987,2,8.015755282
DJF,MSE,1987,3,6.961992941
DJF,MSE,1987,4,12.42007264
DJF,MSE,1987,5,44.16594199
DJF,MSE,1988,1,27.68428053
DJF,MSE,1988,2,7.892986854
DJF,MSE,1988,3,6.721571436
DJF,MSE,1988,4,13.75006394
DJF,MSE,1988,5,43.95109724
DJF,MSE,1989,1,34.79461865
DJF,MSE,1989,2,8.75236585
DJF,MSE,1989,3,9.729397923
DJF,MSE,1989,4,18.04184357
DJF,MSE,1989,5,28.681774
DJF,MSE,1990,1,27.14716865
DJF,MSE,1990,2,7.862294747
DJF,MSE,1990,3,6.731802138
DJF,MSE,1990,4,15.12097806
DJF,MSE,1990,5,43.13775641
DJF,MSE,1991,1,28.92219551
DJF,MSE,1991,2,8.286868894
DJF,MSE,1991,3,6.343035449
DJF,MSE,1991,4,15.18236227
DJF,MSE,1991,5,41.26553788
DJF,MSE,1992,1,31.37756407
DJF,MSE,1992,2,7.79067983
DJF,MSE,1992,3,8.849557522
DJF,MSE,1992,4,18.02138217
DJF,MSE,1992,5,33.96081641
DJF,MSE,1993,1,29.82761267
DJF,MSE,1993,2,7.933909663
DJF,MSE,1993,3,8.460790833
DJF,MSE,1993,4,17.65819223
DJF,MSE,1993,5,36.1194946
DJF,MSE,1994,1,29.67926748
DJF,MSE,1994,2,9.043940867
DJF,MSE,1994,3,9.355977288
DJF,MSE,1994,4,17.305233
DJF,MSE,1994,5,34.61558136
DJF,MSE,1995,1,30.21637935
DJF,MSE,1995,2,8.112946954
DJF,MSE,1995,3,8.88536498
DJF,MSE,1995,4,15.67343598
DJF,MSE,1995,5,37.11187273
DJF,MSE,1996,4,11.36119495
DJF,MSE,1997,1,30.44145481
DJF,MSE,1997,2,8.0976009
DJF,MSE,1997,3,8.338022405
DJF,MSE,1997,4,17.67865364
DJF,MSE,1997,5,35.44426825
DJF,MSE,1998,1,30.08338022
DJF,MSE,1998,2,7.96460177
DJF,MSE,1998,3,5.529694614
DJF,MSE,1998,4,10.19489488
DJF,MSE,1998,5,46.22742851
DJF,MSE,1999,1,24.23653384
DJF,MSE,1999,2,9.432707555
DJF,MSE,1999,3,9.064402271
DJF,MSE,1999,4,18.10834314
DJF,MSE,1999,5,39.1580132
DJF,MSE,2000,1,30.50283902
DJF,MSE,2000,2,8.680750934
DJF,MSE,2000,3,8.107831603
DJF,MSE,2000,4,16.80904394
DJF,MSE,2000,5,35.8995345
DJF,MSE,2001,1,31.25479564
DJF,MSE,2001,2,7.795795181
DJF,MSE,2001,3,7.908332907
DJF,MSE,2001,4,16.05708732
DJF,MSE,2001,5,36.98398895
DJF,MSE,2002,1,30.47214691
DJF,MSE,2002,2,7.887871502
DJF,MSE,2002,3,9.852166351
DJF,MSE,2002,4,13.02879943
DJF,MSE,2002,5,38.75901581
DJF,MSE,2003,1,28.16512354
DJF,MSE,2003,2,8.025985984
DJF,MSE,2003,3,6.961992941
DJF,MSE,2003,4,14.09790782
DJF,MSE,2003,5,42.74898972
DJF,MSE,2004,1,29.62299862
DJF,MSE,2004,2,7.519566218
DJF,MSE,2004,3,5.923576654
DJF,MSE,2004,4,13.01345337
DJF,MSE,2004,5,43.92040514
DJF,MSE,2005,1,26.53844186
DJF,MSE,2005,2,8.737019796
DJF,MSE,2005,3,8.40452197
DJF,MSE,2005,4,14.31275257
DJF,MSE,2005,5,42.0072638
DJF,MSE,2006,1,28.16000818
DJF,MSE,2006,2,8.066908793
DJF,MSE,2006,3,6.261189831
DJF,MSE,2006,4,12.90091565
DJF,MSE,2006,5,44.61097754
DJF,MSE,2007,1,31.50544785
DJF,MSE,2007,2,8.251061435
DJF,MSE,2007,3,8.414752673
DJF,MSE,2007,4,15.965011
DJF,MSE,2007,5,35.86372704
DJF,MSE,2008,1,27.29551384
DJF,MSE,2008,2,10.48135454
DJF,MSE,2008,3,9.45316896
DJF,MSE,2008,4,17.38196327
DJF,MSE,2008,5,35.38799939
DJF,MSE,2009,1,27.51547394
DJF,MSE,2009,2,7.765103074
DJF,MSE,2009,3,6.046345082
DJF,MSE,2009,4,13.32037444
DJF,MSE,2009,5,45.35270346
DJF,MSE,2010,1,26.65609494
DJF,MSE,2010,2,8.05156274
DJF,MSE,2010,3,6.675533275
DJF,MSE,2010,4,12.26149675
DJF,MSE,2010,5,46.35531229
DJF,MSE,2011,1,28.2316231
DJF,MSE,2011,2,9.58616809
DJF,MSE,2011,3,8.118062305
DJF,MSE,2011,4,16.14404829
DJF,MSE,2011,5,37.92009821
DJF,MSE,2012,1,29.09611745
DJF,MSE,2012,2,9.212747455
DJF,MSE,2012,3,9.23320886
DJF,MSE,2012,4,15.91385749
DJF,MSE,2012,5,36.54406875
DJF,MSE,2013,1,26.88628574
DJF,MSE,2013,2,8.726789094
DJF,MSE,2013,3,8.384060566
DJF,MSE,2013,4,13.19249066
DJF,MSE,2013,5,42.81037393
DJF,MSE,2014,1,29.48488414
DJF,MSE,2014,2,9.637321602
DJF,MSE,2014,3,8.450560131
DJF,MSE,2014,4,12.39449588
DJF,MSE,2014,5,40.03273825
DJF,MSE,2015,1,29.87876618
DJF,MSE,2015,2,8.88536498
DJF,MSE,2015,3,8.813750064
DJF,MSE,2015,4,16.2054325
DJF,MSE,2015,5,36.21668628
DJF,MSE,2016,1,28.40042969
DJF,MSE,2016,2,8.44544478
DJF,MSE,2016,3,6.629495115
DJF,MSE,2016,4,11.08496598
DJF,MSE,2016,5,45.43966443
DJF,MSE,2017,1,28.6510819
DJF,MSE,2017,2,9.749859328
DJF,MSE,2017,3,7.110338125
DJF,MSE,2017,4,10.34324006
DJF,MSE,2017,5,44.14548059
DJF,MSE,2018,1,28.03212441
DJF,MSE,2018,2,8.946749194
DJF,MSE,2018,3,8.696096987
DJF,MSE,2018,4,13.67844903
DJF,MSE,2018,5,40.64658039
DJF,MSE,2019,1,26.09340631
DJF,MSE,2019,2,8.747250499
DJF,MSE,2019,3,6.583456954
DJF,MSE,2019,4,13.00322267
DJF,MSE,2019,5,45.57266356
DJF,MSE,2020,1,30.26241751
DJF,MSE,2020,2,6.839224513
DJF,MSE,2020,3,4.854468259
DJF,MSE,2020,4,10.91104404
DJF,MSE,2020,5,47.13284567
DJF,MSE,2021,1,30.30845568
DJF,MSE,2021,2,9.141132539
DJF,MSE,2021,3,8.13852371
DJF,MSE,2021,4,10.91615939
DJF,MSE,2021,5,41.49572868
DJF,MSE,2022,1,31.80213822
DJF,MSE,2022,2,8.747250499
DJF,MSE,2022,3,9.4071308
DJF,MSE,2022,4,21.6532815
DJF,MSE,2022,5,28.39019899
DJF,MSE,2023,1,30.92184533
DJF,MSE,2023,2,9.183472195
DJF,MSE,2023,3,10.14255761
DJF,MSE,2023,4,22.46738192
DJF,MSE,2023,5,27.81590476
DJF,MSE,2024,1,32.34719048
DJF,MSE,2024,2,8.562704118
DJF,MSE,2024,3,9.876215934
DJF,MSE,2024,4,20.98547312
DJF,MSE,2024,5,28.67234051
DJF,CAPE,1982,1,15.50974474
DJF,CAPE,1982,2,44.78489948
DJF,CAPE,1982,3,18.46130237
DJF,CAPE,1982,4,8.629597422
DJF,CAPE,1982,5,12.61445598
DJF,CAPE,1983,1,14.41505959
DJF,CAPE,1983,2,46.65711801
DJF,CAPE,1983,3,20.17494501
DJF,CAPE,1983,4,5.642232339
DJF,CAPE,1983,5,13.11064505
DJF,CAPE,1984,1,11.46861732
DJF,CAPE,1984,2,43.85902092
DJF,CAPE,1984,3,22.19550872
DJF,CAPE,1984,4,5.795692874
DJF,CAPE,1984,5,16.68116016
DJF,CAPE,1985,1,11.01846642
DJF,CAPE,1985,2,45.05089774
DJF,CAPE,1985,3,20.1237915
DJF,CAPE,1985,4,7.83160264
DJF,CAPE,1985,5,15.9752417
DJF,CAPE,1986,1,10.74223745
DJF,CAPE,1986,2,41.39853701
DJF,CAPE,1986,3,22.52800655
DJF,CAPE,1986,4,7.83160264
DJF,CAPE,1986,5,17.49961635
DJF,CAPE,1987,1,10.52739271
DJF,CAPE,1987,2,44.39613279
DJF,CAPE,1987,3,19.2746432
DJF,CAPE,1987,4,7.719064914
DJF,CAPE,1987,5,18.08276638
DJF,CAPE,1988,1,12.24103535
DJF,CAPE,1988,2,44.67747711
DJF,CAPE,1988,3,19.07002916
DJF,CAPE,1988,4,10.18466418
DJF,CAPE,1988,5,13.82679421
DJF,CAPE,1989,1,9.412246151
DJF,CAPE,1989,2,48.63675891
DJF,CAPE,1989,3,21.45889815
DJF,CAPE,1989,4,1.677835183
DJF,CAPE,1989,5,18.8142616
DJF,CAPE,1990,1,12.32288097
DJF,CAPE,1990,2,43.99202005
DJF,CAPE,1990,3,19.12629802
DJF,CAPE,1990,4,9.023479462
DJF,CAPE,1990,5,15.5353215
DJF,CAPE,1991,1,11.46861732
DJF,CAPE,1991,2,41.38319096
DJF,CAPE,1991,3,20.7939025
DJF,CAPE,1991,4,10.68085324
DJF,CAPE,1991,5,15.67343598
DJF,CAPE,1992,1,13.95467799
DJF,CAPE,1992,2,47.00496189
DJF,CAPE,1992,3,18.04184357
DJF,CAPE,1992,4,6.445342473
DJF,CAPE,1992,5,14.55317408
DJF,CAPE,1993,1,12.32288097
DJF,CAPE,1993,2,46.51900353
DJF,CAPE,1993,3,19.53552611
DJF,CAPE,1993,4,4.803314748
DJF,CAPE,1993,5,16.81927464
DJF,CAPE,1994,1,9.335515883
DJF,CAPE,1994,2,43.91528978
DJF,CAPE,1994,3,17.494501
DJF,CAPE,1994,4,10.36881682
DJF,CAPE,1994,5,18.88587652
DJF,CAPE,1995,1,11.51977083
DJF,CAPE,1995,2,46.176275
DJF,CAPE,1995,3,18.12368919
DJF,CAPE,1995,4,7.094992071
DJF,CAPE,1995,5,17.0852729
DJF,CAPE,1996,1,12.09780551
DJF,CAPE,1996,2,44.04828892
DJF,CAPE,1996,3,18.75287739
DJF,CAPE,1996,4,11.1770423
DJF,CAPE,1996,5,13.92398588
DJF,CAPE,1997,1,10.57854622
DJF,CAPE,1997,2,46.55992634
DJF,CAPE,1997,3,18.48687912
DJF,CAPE,1997,4,6.690879329
DJF,CAPE,1997,5,17.68376899
DJF,CAPE,1998,1,9.330400532
DJF,CAPE,1998,2,46.43715791
DJF,CAPE,1998,3,21.40774464
DJF,CAPE,1998,4,5.826384981
DJF,CAPE,1998,5,16.99831193
DJF,CAPE,1999,1,11.77553839
DJF,CAPE,1999,2,42.81037393
DJF,CAPE,1999,3,19.7043327
DJF,CAPE,1999,4,9.872627756
DJF,CAPE,1999,5,15.83712722
DJF,CAPE,2000,1,10.98265896
DJF,CAPE,2000,2,43.69021433
DJF,CAPE,2000,3,20.03171518
DJF,CAPE,2000,4,9.084863676
DJF,CAPE,2000,5,16.21054785
DJF,CAPE,2001,1,7.662796051
DJF,CAPE,2001,2,49.0357563
DJF,CAPE,2001,3,18.93191468
DJF,CAPE,2001,4,4.670315617
DJF,CAPE,2001,5,19.69921735
DJF,CAPE,2002,1,10.67573789
DJF,CAPE,2002,2,47.26072945
DJF,CAPE,2002,3,19.2746432
DJF,CAPE,2002,4,6.21515167
DJF,CAPE,2002,5,16.57373779
DJF,CAPE,2003,1,11.48907873
DJF,CAPE,2003,2,43.94598189
DJF,CAPE,2003,3,21.8732416
DJF,CAPE,2003,4,5.60130953
DJF,CAPE,2003,5,17.09038826
DJF,CAPE,2004,1,10.82408307
DJF,CAPE,2004,2,44.35009463
DJF,CAPE,2004,3,21.09570822
DJF,CAPE,2004,4,8.307330298
DJF,CAPE,2004,5,15.42278377
DJF,CAPE,2005,1,14.86009515
DJF,CAPE,2005,2,44.32451788
DJF,CAPE,2005,3,18.164612
DJF,CAPE,2005,4,6.675533275
DJF,CAPE,2005,5,15.9752417
DJF,CAPE,2006,1,11.54023224
DJF,CAPE,2006,2,44.05340427
DJF,CAPE,2006,3,20.25167528
DJF,CAPE,2006,4,9.923781268
DJF,CAPE,2006,5,14.23090695
DJF,CAPE,2007,1,7.355874981
DJF,CAPE,2007,2,50.21740242
DJF,CAPE,2007,3,17.9548826
DJF,CAPE,2007,4,2.419561103
DJF,CAPE,2007,5,22.05227889
DJF,CAPE,2008,1,8.634712773
DJF,CAPE,2008,2,49.93094276
DJF,CAPE,2008,3,16.09289478
DJF,CAPE,2008,4,4.261087524
DJF,CAPE,2008,5,21.08036217
DJF,CAPE,2009,1,11.3970024
DJF,CAPE,2009,2,43.3167937
DJF,CAPE,2009,3,18.63010896
DJF,CAPE,2009,4,8.18456187
DJF,CAPE,2009,5,18.47153307
DJF,CAPE,2010,1,10.16931812
DJF,CAPE,2010,2,44.26313366
DJF,CAPE,2010,3,20.18006036
DJF,CAPE,2010,4,8.164100465
DJF,CAPE,2010,5,17.22338739
DJF,CAPE,2011,1,9.258785616
DJF,CAPE,2011,2,41.78218835
DJF,CAPE,2011,3,20.39490511
DJF,CAPE,2011,4,6.731802138
DJF,CAPE,2011,5,21.83231879
DJF,CAPE,2012,1,8.148754412
DJF,CAPE,2012,2,49.73144406
DJF,CAPE,2012,3,18.78356949
DJF,CAPE,2012,4,4.363394547
DJF,CAPE,2012,5,18.97283749
DJF,CAPE,2013,1,10.94173615
DJF,CAPE,2013,2,46.846386
DJF,CAPE,2013,3,19.67875595
DJF,CAPE,2013,4,6.644841168
DJF,CAPE,2013,5,15.88828073
DJF,CAPE,2014,1,9.887973809
DJF,CAPE,2014,2,48.31449179
DJF,CAPE,2014,3,17.77072996
DJF,CAPE,2014,4,3.575630467
DJF,CAPE,2014,5,20.45117397
DJF,CAPE,2015,1,10.60923832
DJF,CAPE,2015,2,48.09964704
DJF,CAPE,2015,3,19.9242928
DJF,CAPE,2015,4,1.677835183
DJF,CAPE,2015,5,19.68898665
DJF,CAPE,2016,1,10.59900762
DJF,CAPE,2016,2,47.79784132
DJF,CAPE,2016,3,21.2440534
DJF,CAPE,2016,4,3.897897591
DJF,CAPE,2016,5,16.46120006
DJF,CAPE,2017,1,14.17975344
DJF,CAPE,2017,2,45.18389687
DJF,CAPE,2017,3,15.88316538
DJF,CAPE,2017,4,9.23320886
DJF,CAPE,2017,5,15.51997545
DJF,CAPE,2018,1,9.816358893
DJF,CAPE,2018,2,46.66223336
DJF,CAPE,2018,3,19.33091207
DJF,CAPE,2018,4,6.046345082
DJF,CAPE,2018,5,18.1441506
DJF,CAPE,2019,1,11.65276996
DJF,CAPE,2019,2,45.2759732
DJF,CAPE,2019,3,18.21576551
DJF,CAPE,2019,4,7.990178526
DJF,CAPE,2019,5,16.8653128
DJF,CAPE,2020,1,10.32277866
DJF,CAPE,2020,2,47.4960356
DJF,CAPE,2020,3,20.44605862
DJF,CAPE,2020,4,3.401708527
DJF,CAPE,2020,5,18.33341859
DJF,CAPE,2021,1,7.586065783
DJF,CAPE,2021,2,51.79293058
DJF,CAPE,2021,3,15.67855133
DJF,CAPE,2021,4,0.900301806
DJF,CAPE,2021,5,24.04215049
DJF,CAPE,2022,1,5.729193309
DJF,CAPE,2022,2,53.47588112
DJF,CAPE,2022,3,15.36139956
DJF,CAPE,2022,4,0.209729398
DJF,CAPE,2022,5,25.22379661
DJF,CAPE,2023,1,6.182734291
DJF,CAPE,2023,2,49.82361744
DJF,CAPE,2023,3,18.94238512
DJF,CAPE,2023,4,0.317629841
DJF,CAPE,2023,5,27.89106452
DJF,CAPE,2024,1,5.512804377
DJF,CAPE,2024,2,55.20643897
DJF,CAPE,2024,3,14.63299107
DJF,CAPE,2024,4,0.267150394
DJF,CAPE,2024,5,24.50871362
DJF,LHFLX,1982,1,20.71205688
DJF,LHFLX,1982,2,21.78116528
DJF,LHFLX,1982,3,15.9854724
DJF,LHFLX,1982,4,27.51547394
DJF,LHFLX,1982,5,14.0058315
DJF,LHFLX,1983,1,23.17765615
DJF,LHFLX,1983,2,21.63793544
DJF,LHFLX,1983,3,16.8550821
DJF,LHFLX,1983,4,23.4334237
DJF,LHFLX,1983,5,14.8959026
DJF,LHFLX,1984,1,27.1420533
DJF,LHFLX,1984,2,22.19550872
DJF,LHFLX,1984,3,13.29991304
DJF,LHFLX,1984,4,22.00624073
DJF,LHFLX,1984,5,15.35628421
DJF,LHFLX,1985,1,24.67645404
DJF,LHFLX,1985,2,23.78126758
DJF,LHFLX,1985,3,14.24113765
DJF,LHFLX,1985,4,24.02168909
DJF,LHFLX,1985,5,13.27945163
DJF,LHFLX,1986,1,29.02450253
DJF,LHFLX,1986,2,20.75809504
DJF,LHFLX,1986,3,13.81656351
DJF,LHFLX,1986,4,20.69159548
DJF,LHFLX,1986,5,15.70924344
DJF,LHFLX,1987,1,23.91938207
DJF,LHFLX,1987,2,21.45889815
DJF,LHFLX,1987,3,15.36651491
DJF,LHFLX,1987,4,21.86812625
DJF,LHFLX,1987,5,17.38707862
DJF,LHFLX,1988,1,21.83231879
DJF,LHFLX,1988,2,22.46662233
DJF,LHFLX,1988,3,14.25648371
DJF,LHFLX,1988,4,27.97074019
DJF,LHFLX,1988,5,13.47383498
DJF,LHFLX,1989,1,32.56432554
DJF,LHFLX,1989,2,20.00102307
DJF,LHFLX,1989,3,16.37423909
DJF,LHFLX,1989,4,17.15688782
DJF,LHFLX,1989,5,13.90352448
DJF,LHFLX,1990,1,26.37986598
DJF,LHFLX,1990,2,21.223592
DJF,LHFLX,1990,3,16.09801013
DJF,LHFLX,1990,4,20.84505601
DJF,LHFLX,1990,5,15.45347588
DJF,LHFLX,1991,1,23.16742544
DJF,LHFLX,1991,2,21.74535782
DJF,LHFLX,1991,3,12.21034324
DJF,LHFLX,1991,4,30.54376183
DJF,LHFLX,1991,5,12.33311167
DJF,LHFLX,1992,1,21.71466571
DJF,LHFLX,1992,2,21.0138626
DJF,LHFLX,1992,3,18.3641107
DJF,LHFLX,1992,4,21.51005167
DJF,LHFLX,1992,5,17.39730933
DJF,LHFLX,1993,1,26.56913397
DJF,LHFLX,1993,2,20.89620952
DJF,LHFLX,1993,3,14.78336488
DJF,LHFLX,1993,4,21.48959026
DJF,LHFLX,1993,5,16.26170137
DJF,LHFLX,1994,1,24.24676454
DJF,LHFLX,1994,2,22.57916006
DJF,LHFLX,1994,3,11.95969103
DJF,LHFLX,1994,4,25.74556243
DJF,LHFLX,1994,5,15.46882193
DJF,LHFLX,1995,1,26.76351732
DJF,LHFLX,1995,2,20.20052177
DJF,LHFLX,1995,3,17.23361809
DJF,LHFLX,1995,4,19.54064147
DJF,LHFLX,1995,5,16.26170137
DJF,LHFLX,1996,1,24.69180009
DJF,LHFLX,1996,2,21.66862755
DJF,LHFLX,1996,3,15.40232237
DJF,LHFLX,1996,4,25.79160059
DJF,LHFLX,1996,5,12.44564939
DJF,LHFLX,1997,1,26.85559364
DJF,LHFLX,1997,2,20.99851655
DJF,LHFLX,1997,3,15.38186096
DJF,LHFLX,1997,4,19.94986956
DJF,LHFLX,1997,5,16.81415929
DJF,LHFLX,1998,1,25.96552253
DJF,LHFLX,1998,2,21.17755384
DJF,LHFLX,1998,3,12.906031
DJF,LHFLX,1998,4,24.99360581
DJF,LHFLX,1998,5,14.95728682
DJF,LHFLX,1999,1,21.60724334
DJF,LHFLX,1999,2,19.71967876
DJF,LHFLX,1999,3,14.47644381
DJF,LHFLX,1999,4,27.22389892
DJF,LHFLX,1999,5,16.97273518
DJF,LHFLX,2000,1,27.46943578
DJF,LHFLX,2000,2,19.39741163
DJF,LHFLX,2000,3,14.03140826
DJF,LHFLX,2000,4,26.12409842
DJF,LHFLX,2000,5,12.97764592
DJF,LHFLX,2001,1,29.64346002
DJF,LHFLX,2001,2,21.0138626
DJF,LHFLX,2001,3,16.25147066
DJF,LHFLX,2001,4,17.2950023
DJF,LHFLX,2001,5,15.79620441
DJF,LHFLX,2002,1,25.81717735
DJF,LHFLX,2002,2,20.51767354
DJF,LHFLX,2002,3,15.57624431
DJF,LHFLX,2002,4,22.27735434
DJF,LHFLX,2002,5,15.81155046
DJF,LHFLX,2003,1,25.34144969
DJF,LHFLX,2003,2,20.71205688
DJF,LHFLX,2003,3,17.0648115
DJF,LHFLX,2003,4,22.61496752
DJF,LHFLX,2003,5,14.26671441
DJF,LHFLX,2004,1,22.48708374
DJF,LHFLX,2004,2,19.45879585
DJF,LHFLX,2004,3,16.33331628
DJF,LHFLX,2004,4,26.68678705
DJF,LHFLX,2004,5,15.03401709
DJF,LHFLX,2005,1,20.59951916
DJF,LHFLX,2005,2,22.21597013
DJF,LHFLX,2005,3,15.21816973
DJF,LHFLX,2005,4,26.95790066
DJF,LHFLX,2005,5,15.00844033
DJF,LHFLX,2006,1,20.12890685
DJF,LHFLX,2006,2,21.08036217
DJF,LHFLX,2006,3,17.17223387
DJF,LHFLX,2006,4,27.21366822
DJF,LHFLX,2006,5,14.40482889
DJF,LHFLX,2007,1,26.39521203
DJF,LHFLX,2007,2,20.89620952
DJF,LHFLX,2007,3,16.25658601
DJF,LHFLX,2007,4,22.29270039
DJF,LHFLX,2007,5,14.15929204
DJF,LHFLX,2008,1,29.3314236
DJF,LHFLX,2008,2,20.32840555
DJF,LHFLX,2008,3,16.57373779
DJF,LHFLX,2008,4,19.40764233
DJF,LHFLX,2008,5,14.35879073
DJF,LHFLX,2009,1,22.5433526
DJF,LHFLX,2009,2,19.38718093
DJF,LHFLX,2009,3,14.32809862
DJF,LHFLX,2009,4,28.2213924
DJF,LHFLX,2009,5,15.51997545
DJF,LHFLX,2010,1,22.89631183
DJF,LHFLX,2010,2,20.5637117
DJF,LHFLX,2010,3,14.65036575
DJF,LHFLX,2010,4,27.5512814
DJF,LHFLX,2010,5,14.33832933
DJF,LHFLX,2011,1,27.12670725
DJF,LHFLX,2011,2,19.4946033
DJF,LHFLX,2011,3,13.05949153
DJF,LHFLX,2011,4,27.21878357
DJF,LHFLX,2011,5,13.10041434
DJF,LHFLX,2012,1,25.55117909
DJF,LHFLX,2012,2,20.68136478
DJF,LHFLX,2012,3,13.80121745
DJF,LHFLX,2012,4,23.4027316
DJF,LHFLX,2012,5,16.56350708
DJF,LHFLX,2013,1,23.63803775
DJF,LHFLX,2013,2,19.28487391
DJF,LHFLX,2013,3,16.21054785
DJF,LHFLX,2013,4,26.74817126
DJF,LHFLX,2013,5,14.11836923
DJF,LHFLX,2014,1,29.49511484
DJF,LHFLX,2014,2,20.69159548
DJF,LHFLX,2014,3,15.34605351
DJF,LHFLX,2014,4,20.49209678
DJF,LHFLX,2014,5,13.97513939
DJF,LHFLX,2015,1,25.79160059
DJF,LHFLX,2015,2,22.23131618
DJF,LHFLX,2015,3,17.69399969
DJF,LHFLX,2015,4,21.40774464
DJF,LHFLX,2015,5,12.87533889
DJF,LHFLX,2016,1,24.9424523
DJF,LHFLX,2016,2,22.69169779
DJF,LHFLX,2016,3,15.88828073
DJF,LHFLX,2016,4,20.67624942
DJF,LHFLX,2016,5,15.80131976
DJF,LHFLX,2017,1,22.72238989
DJF,LHFLX,2017,2,23.4027316
DJF,LHFLX,2017,3,15.01867103
DJF,LHFLX,2017,4,26.86070899
DJF,LHFLX,2017,5,11.99549849
DJF,LHFLX,2018,1,25.18798916
DJF,LHFLX,2018,2,23.81195969
DJF,LHFLX,2018,3,15.95989565
DJF,LHFLX,2018,4,20.32329019
DJF,LHFLX,2018,5,14.71686531
DJF,LHFLX,2019,1,24.3030334
DJF,LHFLX,2019,2,22.70192849
DJF,LHFLX,2019,3,17.31034836
DJF,LHFLX,2019,4,21.91927976
DJF,LHFLX,2019,5,13.76541
DJF,LHFLX,2020,1,25.82740805
DJF,LHFLX,2020,2,20.78878715
DJF,LHFLX,2020,3,13.5556806
DJF,LHFLX,2020,4,23.33623203
DJF,LHFLX,2020,5,16.49189217
DJF,LHFLX,2021,1,25.57675584
DJF,LHFLX,2021,2,21.49470561
DJF,LHFLX,2021,3,15.7450509
DJF,LHFLX,2021,4,24.13934217
DJF,LHFLX,2021,5,13.04414548
DJF,LHFLX,2022,1,26.59982608
DJF,LHFLX,2022,2,23.08557983
DJF,LHFLX,2022,3,15.42278377
DJF,LHFLX,2022,4,19.18768223
DJF,LHFLX,2022,5,15.70412809
DJF,LHFLX,2023,1,25.98342157
DJF,LHFLX,2023,2,22.61793844
DJF,LHFLX,2023,3,16.05327891
DJF,LHFLX,2023,4,18.94278165
DJF,LHFLX,2023,5,14.98263417
DJF,LHFLX,2024,1,27.18450239
DJF,LHFLX,2024,2,23.57219365
DJF,LHFLX,2024,3,15.90873145
DJF,LHFLX,2024,4,19.53421874
DJF,LHFLX,2024,5,16.31275982
DJF,SHFLX,1982,1,20.75809504
DJF,SHFLX,1982,2,7.770218425
DJF,SHFLX,1982,3,14.71686531
DJF,SHFLX,1982,4,19.10072126
DJF,SHFLX,1982,5,37.65409995
DJF,SHFLX,1983,1,26.88628574
DJF,SHFLX,1983,2,5.504117858
DJF,SHFLX,1983,3,14.83451839
DJF,SHFLX,1983,4,21.32589902
DJF,SHFLX,1983,5,31.44917899
DJF,SHFLX,1984,1,24.92710625
DJF,SHFLX,1984,2,5.923576654
DJF,SHFLX,1984,3,15.15678551
DJF,SHFLX,1984,4,18.34876464
DJF,SHFLX,1984,5,35.64376694
DJF,SHFLX,1985,1,19.46902655
DJF,SHFLX,1985,2,7.493989462
DJF,SHFLX,1985,3,15.16701622
DJF,SHFLX,1985,4,20.17494501
DJF,SHFLX,1985,5,37.69502276
DJF,SHFLX,1986,1,23.18788685
DJF,SHFLX,1986,2,4.250856821
DJF,SHFLX,1986,3,15.49439869
DJF,SHFLX,1986,4,17.79119137
DJF,SHFLX,1986,5,39.27566627
DJF,SHFLX,1987,1,22.43081488
DJF,SHFLX,1987,2,6.777840299
DJF,SHFLX,1987,3,15.15678551
DJF,SHFLX,1987,4,19.48948795
DJF,SHFLX,1987,5,36.14507136
DJF,SHFLX,1988,1,24.63553123
DJF,SHFLX,1988,2,5.60130953
DJF,SHFLX,1988,3,15.45859123
DJF,SHFLX,1988,4,19.21325899
DJF,SHFLX,1988,5,35.09130902
DJF,SHFLX,1989,1,25.52560233
DJF,SHFLX,1989,2,5.238119597
DJF,SHFLX,1989,3,14.22067625
DJF,SHFLX,1989,4,18.28738043
DJF,SHFLX,1989,5,36.72822139
DJF,SHFLX,1990,1,22.20573942
DJF,SHFLX,1990,2,5.391580132
DJF,SHFLX,1990,3,14.87032585
DJF,SHFLX,1990,4,19.83221648
DJF,SHFLX,1990,5,37.70013811
DJF,SHFLX,1991,1,27.63312701
DJF,SHFLX,1991,2,4.378740601
DJF,SHFLX,1991,3,14.98286357
DJF,SHFLX,1991,4,18.00603611
DJF,SHFLX,1991,5,34.9992327
DJF,SHFLX,1992,1,26.87605504
DJF,SHFLX,1992,2,6.266305182
DJF,SHFLX,1992,3,14.72198066
DJF,SHFLX,1992,4,20.22098317
DJF,SHFLX,1992,5,31.91467594
DJF,SHFLX,1993,1,23.38738554
DJF,SHFLX,1993,2,5.192081436
DJF,SHFLX,1993,3,14.79359558
DJF,SHFLX,1993,4,19.0546831
DJF,SHFLX,1993,5,37.57225434
DJF,SHFLX,1994,1,27.15739936
DJF,SHFLX,1994,2,5.637116988
DJF,SHFLX,1994,3,14.73732672
DJF,SHFLX,1994,4,18.42037956
DJF,SHFLX,1994,5,34.04777738
DJF,SHFLX,1995,1,23.88357461
DJF,SHFLX,1995,2,8.036216686
DJF,SHFLX,1995,3,14.4252903
DJF,SHFLX,1995,4,20.38467441
DJF,SHFLX,1995,5,33.270244
DJF,SHFLX,1996,1,26.48728835
DJF,SHFLX,1996,2,4.583354647
DJF,SHFLX,1996,3,15.45859123
DJF,SHFLX,1996,4,18.88587652
DJF,SHFLX,1996,5,34.58488925
DJF,SHFLX,1997,1,27.30574454
DJF,SHFLX,1997,2,4.874929664
DJF,SHFLX,1997,3,15.28466929
DJF,SHFLX,1997,4,18.21576551
DJF,SHFLX,1997,5,34.31889099
DJF,SHFLX,1998,1,20.7939025
DJF,SHFLX,1998,2,4.348048494
DJF,SHFLX,1998,3,15.64785923
DJF,SHFLX,1998,4,18.43061026
DJF,SHFLX,1998,5,40.77957952
DJF,SHFLX,1999,1,24.37464832
DJF,SHFLX,1999,2,4.685661671
DJF,SHFLX,1999,3,15.65297458
DJF,SHFLX,1999,4,17.2950023
DJF,SHFLX,1999,5,37.99171313
DJF,SHFLX,2000,1,32.1602128
DJF,SHFLX,2000,2,3.115248862
DJF,SHFLX,2000,3,14.02629291
DJF,SHFLX,2000,4,15.50462939
DJF,SHFLX,2000,5,35.19361604
DJF,SHFLX,2001,1,22.07785564
DJF,SHFLX,2001,2,6.537418794
DJF,SHFLX,2001,3,15.24374648
DJF,SHFLX,2001,4,19.4946033
DJF,SHFLX,2001,5,36.64637577
DJF,SHFLX,2002,1,26.62540283
DJF,SHFLX,2002,2,5.990076219
DJF,SHFLX,2002,3,14.90101795
DJF,SHFLX,2002,4,18.98306819
DJF,SHFLX,2002,5,33.5004348
DJF,SHFLX,2003,1,25.18798916
DJF,SHFLX,2003,2,6.972223643
DJF,SHFLX,2003,3,15.48928334
DJF,SHFLX,2003,4,18.95749143
DJF,SHFLX,2003,5,33.39301243
DJF,SHFLX,2004,1,26.34917387
DJF,SHFLX,2004,2,4.521970433
DJF,SHFLX,2004,3,14.97263287
DJF,SHFLX,2004,4,20.7836718
DJF,SHFLX,2004,5,33.37255103
DJF,SHFLX,2005,1,25.20333521
DJF,SHFLX,2005,2,7.105222774
DJF,SHFLX,2005,3,15.45347588
DJF,SHFLX,2005,4,21.52028237
DJF,SHFLX,2005,5,30.71768377
DJF,SHFLX,2006,1,24.43603253
DJF,SHFLX,2006,2,5.744539363
DJF,SHFLX,2006,3,15.40743772
DJF,SHFLX,2006,4,17.44334749
DJF,SHFLX,2006,5,36.9686429
DJF,SHFLX,2007,1,21.75558852
DJF,SHFLX,2007,2,6.348150801
DJF,SHFLX,2007,3,15.48416799
DJF,SHFLX,2007,4,20.93201698
DJF,SHFLX,2007,5,35.48007571
DJF,SHFLX,2008,1,24.65599263
DJF,SHFLX,2008,2,5.151158627
DJF,SHFLX,2008,3,14.88055655
DJF,SHFLX,2008,4,19.10072126
DJF,SHFLX,2008,5,36.21157092
DJF,SHFLX,2009,1,25.28518083
DJF,SHFLX,2009,2,3.294286153
DJF,SHFLX,2009,3,15.9752417
DJF,SHFLX,2009,4,17.39219397
DJF,SHFLX,2009,5,38.05309735
DJF,SHFLX,2010,1,22.22108548
DJF,SHFLX,2010,2,3.887666888
DJF,SHFLX,2010,3,16.53793033
DJF,SHFLX,2010,4,18.96772213
DJF,SHFLX,2010,5,38.38559517
DJF,SHFLX,2011,1,27.35689805
DJF,SHFLX,2011,2,2.138216789
DJF,SHFLX,2011,3,15.31024605
DJF,SHFLX,2011,4,15.70412809
DJF,SHFLX,2011,5,39.49051102
DJF,SHFLX,2012,1,27.87354852
DJF,SHFLX,2012,2,3.67793749
DJF,SHFLX,2012,3,14.97774822
DJF,SHFLX,2012,4,17.82188347
DJF,SHFLX,2012,5,35.6488823
DJF,SHFLX,2013,1,23.86822855
DJF,SHFLX,2013,2,5.03350555
DJF,SHFLX,2013,3,15.53020615
DJF,SHFLX,2013,4,16.47654611
DJF,SHFLX,2013,5,39.09151363
DJF,SHFLX,2014,1,25.77625454
DJF,SHFLX,2014,2,5.447848995
DJF,SHFLX,2014,3,15.3153614
DJF,SHFLX,2014,4,16.14404829
DJF,SHFLX,2014,5,37.31648678
DJF,SHFLX,2015,1,27.69451123
DJF,SHFLX,2015,2,8.322676352
DJF,SHFLX,2015,3,14.82428769
DJF,SHFLX,2015,4,19.20814364
DJF,SHFLX,2015,5,29.95038109
DJF,SHFLX,2016,1,22.96792675
DJF,SHFLX,2016,2,11.77553839
DJF,SHFLX,2016,3,15.03913244
DJF,SHFLX,2016,4,19.78106297
DJF,SHFLX,2016,5,30.43633945
DJF,SHFLX,2017,1,25.19821986
DJF,SHFLX,2017,2,10.35347077
DJF,SHFLX,2017,3,14.94705612
DJF,SHFLX,2017,4,12.97253056
DJF,SHFLX,2017,5,36.5287227
DJF,SHFLX,2018,1,23.22880966
DJF,SHFLX,2018,2,10.87012123
DJF,SHFLX,2018,3,15.57624431
DJF,SHFLX,2018,4,17.15688782
DJF,SHFLX,2018,5,33.16793698
DJF,SHFLX,2019,1,23.52550003
DJF,SHFLX,2019,2,9.028594813
DJF,SHFLX,2019,3,15.01355568
DJF,SHFLX,2019,4,20.96270909
DJF,SHFLX,2019,5,31.46964039
DJF,SHFLX,2020,1,23.13673334
DJF,SHFLX,2020,2,5.739424011
DJF,SHFLX,2020,3,15.27955394
DJF,SHFLX,2020,4,19.78617832
DJF,SHFLX,2020,5,36.05811039
DJF,SHFLX,2021,1,20.94224769
DJF,SHFLX,2021,2,7.846948693
DJF,SHFLX,2021,3,17.77584531
DJF,SHFLX,2021,4,17.19269528
DJF,SHFLX,2021,5,36.24226303
DJF,SHFLX,2022,1,29.45419203
DJF,SHFLX,2022,2,8.987672004
DJF,SHFLX,2022,3,14.77824953
DJF,SHFLX,2022,4,19.20814364
DJF,SHFLX,2022,5,27.5717428
DJF,SHFLX,2023,1,30.182
DJF,SHFLX,2023,2,9.543
DJF,SHFLX,2023,3,15.112
DJF,SHFLX,2023,4,20.287
DJF,SHFLX,2023,5,28.354
DJF,SHFLX,2024,1,31.021
DJF,SHFLX,2024,2,10.248
DJF,SHFLX,2024,3,14.672
DJF,SHFLX,2024,4,21.115
DJF,SHFLX,2024,5,29.008
MAM,MSE,1982,1,17.35127116
MAM,MSE,1982,2,15.02378638
MAM,MSE,1982,3,13.61706481
MAM,MSE,1982,4,17.5149624
MAM,MSE,1982,5,36.49291524
MAM,MSE,1983,1,19.44856514
MAM,MSE,1983,2,12.4763415
MAM,MSE,1983,3,12.42007264
MAM,MSE,1983,4,16.1849711
MAM,MSE,1983,5,39.47004962
MAM,MSE,1984,1,13.49941173
MAM,MSE,1984,2,13.16691391
MAM,MSE,1984,3,15.70924344
MAM,MSE,1984,4,20.58928845
MAM,MSE,1984,5,37.03514246
MAM,MSE,1985,1,16.15939434
MAM,MSE,1985,2,16.31797023
MAM,MSE,1985,3,15.32047675
MAM,MSE,1985,4,18.97795284
MAM,MSE,1985,5,33.22420584
MAM,MSE,1986,1,17.92930585
MAM,MSE,1986,2,13.47383498
MAM,MSE,1986,3,14.29229117
MAM,MSE,1986,4,15.28978464
MAM,MSE,1986,5,39.01478336
MAM,MSE,1987,1,17.54565451
MAM,MSE,1987,2,13.93421658
MAM,MSE,1987,3,14.57363548
MAM,MSE,1987,4,13.79098675
MAM,MSE,1987,5,40.15550668
MAM,MSE,1988,1,15.79108906
MAM,MSE,1988,2,11.00823572
MAM,MSE,1988,3,14.62990434
MAM,MSE,1988,4,19.19791294
MAM,MSE,1988,5,39.37285795
MAM,MSE,1989,1,17.56611591
MAM,MSE,1989,2,14.62478899
MAM,MSE,1989,3,16.25658601
MAM,MSE,1989,4,19.06491381
MAM,MSE,1989,5,32.48759527
MAM,MSE,1990,1,17.79119137
MAM,MSE,1990,2,11.07985063
MAM,MSE,1990,3,17.28988695
MAM,MSE,1990,4,16.65046805
MAM,MSE,1990,5,37.188603
MAM,MSE,1991,2,18.11857384
MAM,MSE,1991,3,14.83963374
MAM,MSE,1991,4,15.80131976
MAM,MSE,1991,5,40.86142514
MAM,MSE,1992,1,15.98035705
MAM,MSE,1992,2,15.09028595
MAM,MSE,1992,3,11.44304056
MAM,MSE,1992,4,16.41004655
MAM,MSE,1992,5,41.07626989
MAM,MSE,1993,1,14.43040565
MAM,MSE,1993,2,14.40994424
MAM,MSE,1993,3,13.40222006
MAM,MSE,1993,4,21.21847665
MAM,MSE,1993,5,36.5389534
MAM,MSE,1994,1,17.79630672
MAM,MSE,1994,2,17.9241905
MAM,MSE,1994,3,12.94695381
MAM,MSE,1994,4,15.42789913
MAM,MSE,1994,5,35.90464985
MAM,MSE,1995,1,15.57112896
MAM,MSE,1995,2,14.26159906
MAM,MSE,1995,3,14.37925214
MAM,MSE,1995,4,16.30262418
MAM,MSE,1995,5,39.48539567
MAM,MSE,1996,1,14.36390608
MAM,MSE,1996,2,16.75789043
MAM,MSE,1996,3,13.85237097
MAM,MSE,1996,4,16.67092946
MAM,MSE,1996,5,38.35490306
MAM,MSE,1997,1,16.43050795
MAM,MSE,1997,2,15.72458949
MAM,MSE,1997,3,15.23863113
MAM,MSE,1997,4,19.65829454
MAM,MSE,1997,5,32.94797688
MAM,MSE,1998,1,16.22589391
MAM,MSE,1998,2,12.82930073
MAM,MSE,1998,3,14.13371528
MAM,MSE,1998,4,14.83451839
MAM,MSE,1998,5,41.97657169
MAM,MSE,1999,1,18.00092076
MAM,MSE,1999,2,16.07754872
MAM,MSE,1999,3,15.91385749
MAM,MSE,1999,4,18.85518441
MAM,MSE,1999,5,31.15248862
MAM,MSE,2000,1,18.36922605
MAM,MSE,2000,2,11.85226866
MAM,MSE,2000,3,15.70924344
MAM,MSE,2000,4,24.60995447
MAM,MSE,2000,5,29.45930738
MAM,MSE,2001,1,15.38697632
MAM,MSE,2001,2,11.62719321
MAM,MSE,2001,3,18.33853394
MAM,MSE,2001,4,21.16220779
MAM,MSE,2001,5,33.48508875
MAM,MSE,2002,1,16.92669702
MAM,MSE,2002,2,15.67343598
MAM,MSE,2002,3,14.85497979
MAM,MSE,2002,4,15.87293468
MAM,MSE,2002,5,36.67195253
MAM,MSE,2003,1,17.12619571
MAM,MSE,2003,2,16.71185227
MAM,MSE,2003,3,14.54294337
MAM,MSE,2003,4,17.57123127
MAM,MSE,2003,5,34.04777738
MAM,MSE,2004,1,16.54304568
MAM,MSE,2004,2,13.79098675
MAM,MSE,2004,3,19.7043327
MAM,MSE,2004,4,22.03181748
MAM,MSE,2004,5,27.92981738
MAM,MSE,2005,1,16.84996675
MAM,MSE,2005,2,13.64264157
MAM,MSE,2005,3,14.82940304
MAM,MSE,2005,4,16.88577421
MAM,MSE,2005,5,37.79221444
MAM,MSE,2006,1,16.67092946
MAM,MSE,2006,2,15.26932324
MAM,MSE,2006,3,16.77323648
MAM,MSE,2006,4,18.53291728
MAM,MSE,2006,5,32.75359353
MAM,MSE,2007,1,14.92147936
MAM,MSE,2007,2,16.00593381
MAM,MSE,2007,3,15.27955394
MAM,MSE,2007,4,18.96772213
MAM,MSE,2007,5,34.82531076
MAM,MSE,2008,1,15.5455522
MAM,MSE,2008,2,19.22348969
MAM,MSE,2008,3,14.74244207
MAM,MSE,2008,4,18.86541511
MAM,MSE,2008,5,31.62310093
MAM,MSE,2009,1,16.27704742
MAM,MSE,2009,2,16.58396849
MAM,MSE,2009,3,15.41766842
MAM,MSE,2009,4,16.89600491
MAM,MSE,2009,5,34.82531076
MAM,MSE,2010,1,15.66832063
MAM,MSE,2010,2,8.148754412
MAM,MSE,2010,3,13.15156786
MAM,MSE,2010,4,20.40002046
MAM,MSE,2010,5,42.63133664
MAM,MSE,2011,1,16.08777943
MAM,MSE,2011,2,12.17453578
MAM,MSE,2011,3,15.45859123
MAM,MSE,2011,4,22.64565962
MAM,MSE,2011,5,33.63343394
MAM,MSE,2012,1,17.2847716
MAM,MSE,2012,2,18.02649752
MAM,MSE,2012,3,18.26691902
MAM,MSE,2012,4,16.48166147
MAM,MSE,2012,5,29.94015039
MAM,MSE,2013,1,16.83973605
MAM,MSE,2013,2,19.10072126
MAM,MSE,2013,3,12.84976214
MAM,MSE,2013,4,14.0160622
MAM,MSE,2013,5,37.19371835
MAM,MSE,2014,1,11.8266919
MAM,MSE,2014,2,13.42779682
MAM,MSE,2014,3,15.84224257
MAM,MSE,2014,4,21.68908896
MAM,MSE,2014,5,37.21417975
MAM,MSE,2015,1,17.81676812
MAM,MSE,2015,2,14.67082715
MAM,MSE,2015,3,16.39981585
MAM,MSE,2015,4,16.16962504
MAM,MSE,2015,5,34.94296383
MAM,MSE,2016,1,10.91104404
MAM,MSE,2016,2,13.49941173
MAM,MSE,2016,3,14.55317408
MAM,MSE,2016,4,16.08777943
MAM,MSE,2016,5,44.94859072
MAM,MSE,2017,1,13.70402578
MAM,MSE,2017,2,14.28206046
MAM,MSE,2017,3,16.65558341
MAM,MSE,2017,4,18.49199448
MAM,MSE,2017,5,36.86633587
MAM,MSE,2018,1,15.05447849
MAM,MSE,2018,2,12.00572919
MAM,MSE,2018,3,13.86771702
MAM,MSE,2018,4,22.85538902
MAM,MSE,2018,5,36.21668628
MAM,MSE,2019,1,15.12609341
MAM,MSE,2019,2,12.69118625
MAM,MSE,2019,3,14.65036575
MAM,MSE,2019,4,15.38697632
MAM,MSE,2019,5,42.14537828
MAM,MSE,2020,1,15.62739782
MAM,MSE,2020,2,15.39720702
MAM,MSE,2020,3,14.33321398
MAM,MSE,2020,4,16.4049312
MAM,MSE,2020,5,38.23724999
MAM,MSE,2021,1,16.13893294
MAM,MSE,2021,2,16.91135096
MAM,MSE,2021,3,16.23612461
MAM,MSE,2021,4,20.94736304
MAM,MSE,2021,5,29.76622845
MAM,MSE,2022,1,16.92669702
MAM,MSE,2022,2,14.04675431
MAM,MSE,2022,3,15.9752417
MAM,MSE,2022,4,23.79149829
MAM,MSE,2022,5,29.25980869
MAM,MSE,2023,1,17.45
MAM,MSE,2023,2,13.82
MAM,MSE,2023,3,16.48
MAM,MSE,2023,4,22.96
MAM,MSE,2023,5,28.73
MAM,MSE,2024,1,18.21
MAM,MSE,2024,2,14.59
MAM,MSE,2024,3,16.12
MAM,MSE,2024,4,24.34
MAM,MSE,2024,5,30.05
MAM,CAPE,1982,1,22.58427541
MAM,CAPE,1982,2,11.26911862
MAM,CAPE,1982,3,38.36001842
MAM,CAPE,1982,4,18.37945675
MAM,CAPE,1982,5,9.4071308
MAM,CAPE,1983,1,21.55097447
MAM,CAPE,1983,2,10.88546729
MAM,CAPE,1983,3,37.99171313
MAM,CAPE,1983,4,18.24134227
MAM,CAPE,1983,5,11.33050284
MAM,CAPE,1984,1,21.55608983
MAM,CAPE,1984,2,13.69379508
MAM,CAPE,1984,3,34.3598138
MAM,CAPE,1984,4,18.26691902
MAM,CAPE,1984,5,12.12338227
MAM,CAPE,1985,1,26.09340631
MAM,CAPE,1985,2,14.08256177
MAM,CAPE,1985,3,35.53634457
MAM,CAPE,1985,4,19.4741419
MAM,CAPE,1985,5,4.81354545
MAM,CAPE,1986,1,20.95247839
MAM,CAPE,1986,2,14.04163896
MAM,CAPE,1986,3,38.60555527
MAM,CAPE,1986,4,14.83451839
MAM,CAPE,1986,5,11.56580899
MAM,CAPE,1987,1,22.91165789
MAM,CAPE,1987,2,12.44564939
MAM,CAPE,1987,3,38.89201494
MAM,CAPE,1987,4,14.10302317
MAM,CAPE,1987,5,11.64765461
MAM,CAPE,1988,1,22.48196839
MAM,CAPE,1988,2,10.49158525
MAM,CAPE,1988,3,36.29853189
MAM,CAPE,1988,4,19.28487391
MAM,CAPE,1988,5,11.44304056
MAM,CAPE,1989,1,20.98317049
MAM,CAPE,1989,2,9.478745716
MAM,CAPE,1989,3,40.76934882
MAM,CAPE,1989,4,19.77083227
MAM,CAPE,1989,5,8.997902706
MAM,CAPE,1990,1,23.82219039
MAM,CAPE,1990,2,10.54273876
MAM,CAPE,1990,3,35.33684587
MAM,CAPE,1990,4,20.62509591
MAM,CAPE,1990,5,9.67312906
MAM,CAPE,1991,1,21.6430508
MAM,CAPE,1991,2,12.74233976
MAM,CAPE,1991,3,34.36492915
MAM,CAPE,1991,4,20.93713233
MAM,CAPE,1991,5,10.31254796
MAM,CAPE,1992,1,22.23643153
MAM,CAPE,1992,2,11.34073354
MAM,CAPE,1992,3,37.96613638
MAM,CAPE,1992,4,19.60202568
MAM,CAPE,1992,5,8.854672873
MAM,CAPE,1993,1,21.93462581
MAM,CAPE,1993,2,11.20261906
MAM,CAPE,1993,3,37.43413985
MAM,CAPE,1993,4,18.15949665
MAM,CAPE,1993,5,11.26911862
MAM,CAPE,1994,1,17.04946545
MAM,CAPE,1994,2,12.11826692
MAM,CAPE,1994,3,43.09171825
MAM,CAPE,1994,4,16.97273518
MAM,CAPE,1994,5,10.76781421
MAM,CAPE,1995,1,19.12118267
MAM,CAPE,1995,2,12.32288097
MAM,CAPE,1995,3,39.69000972
MAM,CAPE,1995,4,18.71195458
MAM,CAPE,1995,5,10.15397207
MAM,CAPE,1996,1,18.22599621
MAM,CAPE,1996,2,12.21034324
MAM,CAPE,1996,3,41.41899841
MAM,CAPE,1996,4,18.28738043
MAM,CAPE,1996,5,9.857281702
MAM,CAPE,1997,1,24.16491892
MAM,CAPE,1997,2,8.777942606
MAM,CAPE,1997,3,38.0786741
MAM,CAPE,1997,4,20.75809504
MAM,CAPE,1997,5,8.220369328
MAM,CAPE,1998,1,25.86321551
MAM,CAPE,1998,2,9.089979027
MAM,CAPE,1998,3,37.97636708
MAM,CAPE,1998,4,17.5149624
MAM,CAPE,1998,5,9.555475983
MAM,CAPE,1999,1,19.53552611
MAM,CAPE,1999,2,10.55296946
MAM,CAPE,1999,3,44.87186045
MAM,CAPE,1999,4,16.23612461
MAM,CAPE,1999,5,8.803519362
MAM,CAPE,2000,1,29.20865517
MAM,CAPE,2000,2,11.94946033
MAM,CAPE,2000,3,34.31377564
MAM,CAPE,2000,4,14.80382628
MAM,CAPE,2000,5,9.724282572
MAM,CAPE,2001,1,24.43091718
MAM,CAPE,2001,2,8.747250499
MAM,CAPE,2001,3,39.45470357
MAM,CAPE,2001,4,17.97534401
MAM,CAPE,2001,5,9.391784746
MAM,CAPE,2002,1,20.86040207
MAM,CAPE,2002,2,10.07212645
MAM,CAPE,2002,3,44.31940253
MAM,CAPE,2002,4,17.03411939
MAM,CAPE,2002,5,7.713949563
MAM,CAPE,2003,1,25.24425802
MAM,CAPE,2003,2,8.174331168
MAM,CAPE,2003,3,42.25280065
MAM,CAPE,2003,4,16.48677682
MAM,CAPE,2003,5,7.841833342
MAM,CAPE,2004,1,30.25730216
MAM,CAPE,2004,2,7.028492506
MAM,CAPE,2004,3,41.38319096
MAM,CAPE,2004,4,15.91385749
MAM,CAPE,2004,5,5.417156888
MAM,CAPE,2005,1,20.81947926
MAM,CAPE,2005,2,9.739628626
MAM,CAPE,2005,3,43.53163845
MAM,CAPE,2005,4,16.47143076
MAM,CAPE,2005,5,9.437822907
MAM,CAPE,2006,1,22.88608113
MAM,CAPE,2006,2,8.072024144
MAM,CAPE,2006,3,42.52391427
MAM,CAPE,2006,4,18.33341859
MAM,CAPE,2006,5,8.18456187
MAM,CAPE,2007,1,23.56642283
MAM,CAPE,2007,2,9.887973809
MAM,CAPE,2007,3,42.13003223
MAM,CAPE,2007,4,17.31546371
MAM,CAPE,2007,5,7.100107422
MAM,CAPE,2008,1,16.97273518
MAM,CAPE,2008,2,10.59389227
MAM,CAPE,2008,3,48.33495319
MAM,CAPE,2008,4,16.07754872
MAM,CAPE,2008,5,8.020870633
MAM,CAPE,2009,1,16.94715842
MAM,CAPE,2009,2,10.60412297
MAM,CAPE,2009,3,49.16875544
MAM,CAPE,2009,4,15.29489999
MAM,CAPE,2009,5,7.985063175
MAM,CAPE,2010,1,28.03212441
MAM,CAPE,2010,2,7.857179395
MAM,CAPE,2010,3,38.2986342
MAM,CAPE,2010,4,17.7451532
MAM,CAPE,2010,5,8.066908793
MAM,CAPE,2011,1,27.341552
MAM,CAPE,2011,2,9.361092639
MAM,CAPE,2011,3,38.48790219
MAM,CAPE,2011,4,16.6248913
MAM,CAPE,2011,5,8.18456187
MAM,CAPE,2012,1,24.88106809
MAM,CAPE,2012,2,8.61936672
MAM,CAPE,2012,3,43.18890992
MAM,CAPE,2012,4,16.22077856
MAM,CAPE,2012,5,7.08987672
MAM,CAPE,2013,1,18.6147629
MAM,CAPE,2013,2,11.07985063
MAM,CAPE,2013,3,49.27106246
MAM,CAPE,2013,4,16.55839173
MAM,CAPE,2013,5,4.475932273
MAM,CAPE,2014,1,25.15729705
MAM,CAPE,2014,2,10.32277866
MAM,CAPE,2014,3,40.23735229
MAM,CAPE,2014,4,19.32068136
MAM,CAPE,2014,5,4.961890634
MAM,CAPE,2015,1,18.1441506
MAM,CAPE,2015,2,7.96460177
MAM,CAPE,2015,3,49.40917694
MAM,CAPE,2015,4,16.52769963
MAM,CAPE,2015,5,7.954371068
MAM,CAPE,2016,1,23.75057548
MAM,CAPE,2016,2,10.94173615
MAM,CAPE,2016,3,39.41378076
MAM,CAPE,2016,4,18.22088086
MAM,CAPE,2016,5,7.673026753
MAM,CAPE,2017,1,18.90633792
MAM,CAPE,2017,2,11.13611949
MAM,CAPE,2017,3,47.19934524
MAM,CAPE,2017,4,13.09529899
MAM,CAPE,2017,5,9.662898358
MAM,CAPE,2018,1,27.89912527
MAM,CAPE,2018,2,7.611642539
MAM,CAPE,2018,3,40.91257865
MAM,CAPE,2018,4,15.93431889
MAM,CAPE,2018,5,7.642334646
MAM,CAPE,2019,1,21.07013146
MAM,CAPE,2019,2,13.75517929
MAM,CAPE,2019,3,43.61348407
MAM,CAPE,2019,4,12.31265026
MAM,CAPE,2019,5,9.248554913
MAM,CAPE,2020,1,20.24144458
MAM,CAPE,2020,2,8.542636452
MAM,CAPE,2020,3,53.32753594
MAM,CAPE,2020,4,15.37163026
MAM,CAPE,2020,5,2.516752775
MAM,CAPE,2021,1,18.22599621
MAM,CAPE,2021,2,6.675533275
MAM,CAPE,2021,3,56.85712824
MAM,CAPE,2021,4,18.00092076
MAM,CAPE,2021,5,0.240421505
MAM,CAPE,2022,1,22.082971
MAM,CAPE,2022,2,4.404317356
MAM,CAPE,2022,3,57.50677784
MAM,CAPE,2022,4,15.82178117
MAM,CAPE,2022,5,0.184152642
MAM,CAPE,2023,1,19.874562
MAM,CAPE,2023,2,6.238411
MAM,CAPE,2023,3,61.932847
MAM,CAPE,2023,4,13.407815
MAM,CAPE,2023,5,0.291674
MAM,CAPE,2024,1,23.117509
MAM,CAPE,2024,2,5.019284
MAM,CAPE,2024,3,55.826319
MAM,CAPE,2024,4,17.283509
MAM,CAPE,2024,5,0.156372
MAM,LHFLX,1982,1,29.5616144
MAM,LHFLX,1982,2,12.87533889
MAM,LHFLX,1982,3,14.83963374
MAM,LHFLX,1982,4,22.89631183
MAM,LHFLX,1982,5,19.82710113
MAM,LHFLX,1983,1,25.80694665
MAM,LHFLX,1983,2,15.34093816
MAM,LHFLX,1983,3,15.12609341
MAM,LHFLX,1983,4,21.49470561
MAM,LHFLX,1983,5,22.23131618
MAM,LHFLX,1984,1,26.72770986
MAM,LHFLX,1984,2,12.76280117
MAM,LHFLX,1984,3,15.13632411
MAM,LHFLX,1984,4,25.50514093
MAM,LHFLX,1984,5,19.86802394
MAM,LHFLX,1985,1,36.20134022
MAM,LHFLX,1985,2,10.47112384
MAM,LHFLX,1985,3,14.15417668
MAM,LHFLX,1985,4,18.50734053
MAM,LHFLX,1985,5,20.66601872
MAM,LHFLX,1986,1,30.56422323
MAM,LHFLX,1986,2,10.73200675
MAM,LHFLX,1986,3,12.65026344
MAM,LHFLX,1986,4,24.78899176
MAM,LHFLX,1986,5,21.26451481
MAM,LHFLX,1987,1,27.01928487
MAM,LHFLX,1987,2,15.12609341
MAM,LHFLX,1987,3,13.03903013
MAM,LHFLX,1987,4,22.94746534
MAM,LHFLX,1987,5,21.86812625
MAM,LHFLX,1988,1,29.28027009
MAM,LHFLX,1988,2,10.10281856
MAM,LHFLX,1988,3,16.39981585
MAM,LHFLX,1988,4,23.55619213
MAM,LHFLX,1988,5,20.66090337
MAM,LHFLX,1989,1,33.63343394
MAM,LHFLX,1989,2,10.77292956
MAM,LHFLX,1989,3,15.98035705
MAM,LHFLX,1989,4,20.37444371
MAM,LHFLX,1989,5,19.23883575
MAM,LHFLX,1990,1,28.25208451
MAM,LHFLX,1990,2,11.86249936
MAM,LHFLX,1990,3,16.97785053
MAM,LHFLX,1990,4,21.89881835
MAM,LHFLX,1990,5,21.00874725
MAM,LHFLX,1991,1,30.21637935
MAM,LHFLX,1991,2,11.7959998
MAM,LHFLX,1991,3,19.22348969
MAM,LHFLX,1991,4,20.98828585
MAM,LHFLX,1991,5,17.77584531
MAM,LHFLX,1992,1,28.2418538
MAM,LHFLX,1992,2,14.70663461
MAM,LHFLX,1992,3,16.73742902
MAM,LHFLX,1992,4,19.17745153
MAM,LHFLX,1992,5,21.13663103
MAM,LHFLX,1993,1,31.55660136
MAM,LHFLX,1993,2,12.53772571
MAM,LHFLX,1993,3,15.71435879
MAM,LHFLX,1993,4,21.11105427
MAM,LHFLX,1993,5,19.08025986
MAM,LHFLX,1994,1,26.2519822
MAM,LHFLX,1994,2,14.56852013
MAM,LHFLX,1994,3,17.38196327
MAM,LHFLX,1994,4,20.27213668
MAM,LHFLX,1994,5,21.52539772
MAM,LHFLX,1995,1,26.0422528
MAM,LHFLX,1995,2,14.24113765
MAM,LHFLX,1995,3,15.90362678
MAM,LHFLX,1995,4,24.43091718
MAM,LHFLX,1995,5,19.38206558
MAM,LHFLX,1996,1,27.53081999
MAM,LHFLX,1996,2,11.25377257
MAM,LHFLX,1996,3,19.35648882
MAM,LHFLX,1996,4,22.35919996
MAM,LHFLX,1996,5,19.49971866
MAM,LHFLX,1997,1,35.32149982
MAM,LHFLX,1997,2,9.182055348
MAM,LHFLX,1997,3,18.79891555
MAM,LHFLX,1997,4,17.39219397
MAM,LHFLX,1997,5,19.30533531
MAM,LHFLX,1998,1,27.75078009
MAM,LHFLX,1998,2,14.32809862
MAM,LHFLX,1998,3,13.84214026
MAM,LHFLX,1998,4,21.99601003
MAM,LHFLX,1998,5,22.082971
MAM,LHFLX,1999,1,29.60765257
MAM,LHFLX,1999,2,13.99048545
MAM,LHFLX,1999,3,14.28717581
MAM,LHFLX,1999,4,22.5535833
MAM,LHFLX,1999,5,19.56110287
MAM,LHFLX,2000,1,31.98117551
MAM,LHFLX,2000,2,10.46089314
MAM,LHFLX,2000,3,18.26691902
MAM,LHFLX,2000,4,20.29259809
MAM,LHFLX,2000,5,18.99841424
MAM,LHFLX,2001,1,33.23443654
MAM,LHFLX,2001,2,9.463399662
MAM,LHFLX,2001,3,16.87554351
MAM,LHFLX,2001,4,21.04967006
MAM,LHFLX,2001,5,19.37695023
MAM,LHFLX,2002,1,27.81727966
MAM,LHFLX,2002,2,14.53782802
MAM,LHFLX,2002,3,12.66560949
MAM,LHFLX,2002,4,23.94495882
MAM,LHFLX,2002,5,21.03432401
MAM,LHFLX,2003,1,28.74827357
MAM,LHFLX,2003,2,12.87533889
MAM,LHFLX,2003,3,13.42268147
MAM,LHFLX,2003,4,21.83743414
MAM,LHFLX,2003,5,23.11627193
MAM,LHFLX,2004,1,32.1499821
MAM,LHFLX,2004,2,13.21295207
MAM,LHFLX,2004,3,18.47664842
MAM,LHFLX,2004,4,15.61716712
MAM,LHFLX,2004,5,20.54325029
MAM,LHFLX,2005,1,25.46421812
MAM,LHFLX,2005,2,16.79881324
MAM,LHFLX,2005,3,13.93421658
MAM,LHFLX,2005,4,23.26973247
MAM,LHFLX,2005,5,20.53301959
MAM,LHFLX,2006,1,30.51818507
MAM,LHFLX,2006,2,12.07222876
MAM,LHFLX,2006,3,17.9241905
MAM,LHFLX,2006,4,20.67113407
MAM,LHFLX,2006,5,18.8142616
MAM,LHFLX,2007,1,29.5513837
MAM,LHFLX,2007,2,14.55828943
MAM,LHFLX,2007,3,13.24875953
MAM,LHFLX,2007,4,21.63793544
MAM,LHFLX,2007,5,21.0036319
MAM,LHFLX,2008,1,29.38769247
MAM,LHFLX,2008,2,11.26911862
MAM,LHFLX,2008,3,18.28738043
MAM,LHFLX,2008,4,21.28497621
MAM,LHFLX,2008,5,19.77083227
MAM,LHFLX,2009,1,27.52570464
MAM,LHFLX,2009,2,10.9263901
MAM,LHFLX,2009,3,18.67103177
MAM,LHFLX,2009,4,23.24415571
MAM,LHFLX,2009,5,19.63271779
MAM,LHFLX,2010,1,30.79952939
MAM,LHFLX,2010,2,10.26139444
MAM,LHFLX,2010,3,15.35628421
MAM,LHFLX,2010,4,22.12389381
MAM,LHFLX,2010,5,21.45889815
MAM,LHFLX,2011,1,30.91718246
MAM,LHFLX,2011,2,12.07734411
MAM,LHFLX,2011,3,15.31024605
MAM,LHFLX,2011,4,22.16481661
MAM,LHFLX,2011,5,19.53041076
MAM,LHFLX,2012,1,28.52319812
MAM,LHFLX,2012,2,13.5863727
MAM,LHFLX,2012,3,17.71957645
MAM,LHFLX,2012,4,19.47925725
MAM,LHFLX,2012,5,20.69159548
MAM,LHFLX,2013,1,27.90935598
MAM,LHFLX,2013,2,15.30001535
MAM,LHFLX,2013,3,15.94966494
MAM,LHFLX,2013,4,20.15448361
MAM,LHFLX,2013,5,20.68648013
MAM,LHFLX,2014,1,33.0400532
MAM,LHFLX,2014,2,10.36881682
MAM,LHFLX,2014,3,18.77845414
MAM,LHFLX,2014,4,19.60714103
MAM,LHFLX,2014,5,18.20553481
MAM,LHFLX,2015,1,27.79681825
MAM,LHFLX,2015,2,13.43802752
MAM,LHFLX,2015,3,14.52248197
MAM,LHFLX,2015,4,21.33612973
MAM,LHFLX,2015,5,22.90654253
MAM,LHFLX,2016,1,26.98859277
MAM,LHFLX,2016,2,12.12338227
MAM,LHFLX,2016,3,16.31285488
MAM,LHFLX,2016,4,23.38738554
MAM,LHFLX,2016,5,21.18778454
MAM,LHFLX,2017,1,29.50023019
MAM,LHFLX,2017,2,12.35357307
MAM,LHFLX,2017,3,18.86029976
MAM,LHFLX,2017,4,18.73241598
MAM,LHFLX,2017,5,20.553481
MAM,LHFLX,2018,1,31.91467594
MAM,LHFLX,2018,2,10.15908742
MAM,LHFLX,2018,3,12.65537879
MAM,LHFLX,2018,4,23.79149829
MAM,LHFLX,2018,5,21.47935956
MAM,LHFLX,2019,1,24.23653384
MAM,LHFLX,2019,2,15.1158627
MAM,LHFLX,2019,3,13.59148806
MAM,LHFLX,2019,4,22.57404471
MAM,LHFLX,2019,5,24.48207069
MAM,LHFLX,2020,1,28.71758146
MAM,LHFLX,2020,2,13.97002404
MAM,LHFLX,2020,3,13.63241087
MAM,LHFLX,2020,4,21.79651133
MAM,LHFLX,2020,5,21.8834723
MAM,LHFLX,2021,1,32.41598036
MAM,LHFLX,2021,2,11.07985063
MAM,LHFLX,2021,3,16.6453527
MAM,LHFLX,2021,4,18.76822344
MAM,LHFLX,2021,5,21.09059287
MAM,LHFLX,2022,1,32.57455624
MAM,LHFLX,2022,2,11.25888792
MAM,LHFLX,2022,3,15.66320528
MAM,LHFLX,2022,4,18.37945675
MAM,LHFLX,2022,5,22.12389381
MAM,LHFLX,2023,1,33.12894021
MAM,LHFLX,2023,2,12.04738156
MAM,LHFLX,2023,3,16.21459042
MAM,LHFLX,2023,4,19.03214488
MAM,LHFLX,2023,5,21.77409237
MAM,LHFLX,2024,1,31.94287654
MAM,LHFLX,2024,2,10.98564213
MAM,LHFLX,2024,3,15.89321478
MAM,LHFLX,2024,4,18.74230115
MAM,LHFLX,2024,5,22.61508764
MAM,SHFLX,1982,1,25.76090849
MAM,SHFLX,1982,2,19.42810374
MAM,SHFLX,1982,3,12.54795642
MAM,SHFLX,1982,4,8.997902706
MAM,SHFLX,1982,5,33.26512865
MAM,SHFLX,1983,1,26.79932477
MAM,SHFLX,1983,2,23.06511842
MAM,SHFLX,1983,3,12.43030334
MAM,SHFLX,1983,4,11.65276996
MAM,SHFLX,1983,5,26.0524835
MAM,SHFLX,1984,1,29.66903678
MAM,SHFLX,1984,2,17.18246458
MAM,SHFLX,1984,3,12.52749501
MAM,SHFLX,1984,4,9.432707555
MAM,SHFLX,1984,5,31.18829608
MAM,SHFLX,1985,1,27.20343752
MAM,SHFLX,1985,2,16.3947005
MAM,SHFLX,1985,3,12.29218886
MAM,SHFLX,1985,4,8.522175047
MAM,SHFLX,1985,5,35.58749808
MAM,SHFLX,1986,1,27.16763006
MAM,SHFLX,1986,2,13.67844903
MAM,SHFLX,1986,3,12.78326257
MAM,SHFLX,1986,4,10.5069313
MAM,SHFLX,1986,5,35.86372704
MAM,SHFLX,1987,1,25.22379661
MAM,SHFLX,1987,2,19.78106297
MAM,SHFLX,1987,3,12.7065323
MAM,SHFLX,1987,4,11.91365287
MAM,SHFLX,1987,5,30.37495524
MAM,SHFLX,1988,1,24.87083738
MAM,SHFLX,1988,2,15.105632
MAM,SHFLX,1988,3,13.00833802
MAM,SHFLX,1988,4,10.84965983
MAM,SHFLX,1988,5,36.16553276
MAM,SHFLX,1989,1,24.16491892
MAM,SHFLX,1989,2,19.17745153
MAM,SHFLX,1989,3,12.75768582
MAM,SHFLX,1989,4,7.662796051
MAM,SHFLX,1989,5,36.23714768
MAM,SHFLX,1990,1,26.46682695
MAM,SHFLX,1990,2,15.02890173
MAM,SHFLX,1990,3,12.61957133
MAM,SHFLX,1990,4,13.08506829
MAM,SHFLX,1990,5,32.79963169
MAM,SHFLX,1991,1,29.81226661
MAM,SHFLX,1991,2,19.43833444
MAM,SHFLX,1991,3,12.82930073
MAM,SHFLX,1991,4,5.990076219
MAM,SHFLX,1991,5,31.930022
MAM,SHFLX,1992,1,26.13944447
MAM,SHFLX,1992,2,22.20573942
MAM,SHFLX,1992,3,12.80883933
MAM,SHFLX,1992,4,8.025985984
MAM,SHFLX,1992,5,30.81999079
MAM,SHFLX,1993,1,26.97324671
MAM,SHFLX,1993,2,19.43833444
MAM,SHFLX,1993,3,12.51214896
MAM,SHFLX,1993,4,7.816256586
MAM,SHFLX,1993,5,33.2600133
MAM,SHFLX,1994,1,28.76361962
MAM,SHFLX,1994,2,21.12640033
MAM,SHFLX,1994,3,12.46099545
MAM,SHFLX,1994,4,12.17965113
MAM,SHFLX,1994,5,25.46933347
MAM,SHFLX,1995,1,29.38257711
MAM,SHFLX,1995,2,21.70955036
MAM,SHFLX,1995,3,12.65026344
MAM,SHFLX,1995,4,8.88536498
MAM,SHFLX,1995,5,27.3722441
MAM,SHFLX,1996,1,28.65619725
MAM,SHFLX,1996,2,19.81175508
MAM,SHFLX,1996,3,12.89068495
MAM,SHFLX,1996,4,7.678142104
MAM,SHFLX,1996,5,30.96322063
MAM,SHFLX,1997,1,32.55921019
MAM,SHFLX,1997,2,17.21827203
MAM,SHFLX,1997,3,12.50191826
MAM,SHFLX,1997,4,6.1281907
MAM,SHFLX,1997,5,31.59240882
MAM,SHFLX,1998,1,26.51286511
MAM,SHFLX,1998,2,20.66090337
MAM,SHFLX,1998,3,12.61957133
MAM,SHFLX,1998,4,13.32037444
MAM,SHFLX,1998,5,26.88628574
MAM,SHFLX,1999,1,25.67394752
MAM,SHFLX,1999,2,19.60714103
MAM,SHFLX,1999,3,12.74233976
MAM,SHFLX,1999,4,9.483861067
MAM,SHFLX,1999,5,32.49271062
MAM,SHFLX,2000,1,27.61266561
MAM,SHFLX,2000,2,17.65819223
MAM,SHFLX,2000,3,13.06972224
MAM,SHFLX,2000,4,10.2972019
MAM,SHFLX,2000,5,31.36221802
MAM,SHFLX,2001,1,25.87344621
MAM,SHFLX,2001,2,13.78075605
MAM,SHFLX,2001,3,12.59910993
MAM,SHFLX,2001,4,10.80873702
MAM,SHFLX,2001,5,36.93795079
MAM,SHFLX,2002,1,29.0910021
MAM,SHFLX,2002,2,17.01877334
MAM,SHFLX,2002,3,12.65537879
MAM,SHFLX,2002,4,12.93160775
MAM,SHFLX,2002,5,28.30323802
MAM,SHFLX,2003,1,26.81467083
MAM,SHFLX,2003,2,18.93703003
MAM,SHFLX,2003,3,12.77303187
MAM,SHFLX,2003,4,14.29229117
MAM,SHFLX,2003,5,27.18297611
MAM,SHFLX,2004,1,28.10885467
MAM,SHFLX,2004,2,17.72980715
MAM,SHFLX,2004,3,12.74233976
MAM,SHFLX,2004,4,13.19760602
MAM,SHFLX,2004,5,28.2213924
MAM,SHFLX,2005,1,32.75870889
MAM,SHFLX,2005,2,18.92168397
MAM,SHFLX,2005,3,12.56841782
MAM,SHFLX,2005,4,12.62468668
MAM,SHFLX,2005,5,23.12650263
MAM,SHFLX,2006,1,26.63563354
MAM,SHFLX,2006,2,13.03903013
MAM,SHFLX,2006,3,12.70141695
MAM,SHFLX,2006,4,12.14895903
MAM,SHFLX,2006,5,35.47496036
MAM,SHFLX,2007,1,28.70735076
MAM,SHFLX,2007,2,21.39751394
MAM,SHFLX,2007,3,12.6963016
MAM,SHFLX,2007,4,13.3459512
MAM,SHFLX,2007,5,23.8528825
MAM,SHFLX,2008,1,32.55409484
MAM,SHFLX,2008,2,15.88828073
MAM,SHFLX,2008,3,12.56330247
MAM,SHFLX,2008,4,10.517162
MAM,SHFLX,2008,5,28.47715996
MAM,SHFLX,2009,1,29.48999949
MAM,SHFLX,2009,2,16.74765973
MAM,SHFLX,2009,3,12.61445598
MAM,SHFLX,2009,4,10.7268914
MAM,SHFLX,2009,5,30.4209934
MAM,SHFLX,2010,1,24.99872116
MAM,SHFLX,2010,2,14.29740652
MAM,SHFLX,2010,3,12.87022354
MAM,SHFLX,2010,4,11.78065374
MAM,SHFLX,2010,5,36.05299504
MAM,SHFLX,2011,1,27.97585554
MAM,SHFLX,2011,2,16.56350708
MAM,SHFLX,2011,3,12.80883933
MAM,SHFLX,2011,4,12.75257046
MAM,SHFLX,2011,5,29.89922758
MAM,SHFLX,2012,1,28.46692925
MAM,SHFLX,2012,2,20.65067267
MAM,SHFLX,2012,3,12.64003274
MAM,SHFLX,2012,4,13.30502839
MAM,SHFLX,2012,5,24.93733695
MAM,SHFLX,2013,1,30.6511842
MAM,SHFLX,2013,2,20.27725203
MAM,SHFLX,2013,3,12.78326257
MAM,SHFLX,2013,4,11.18727301
MAM,SHFLX,2013,5,25.10102819
MAM,SHFLX,2014,1,28.03212441
MAM,SHFLX,2014,2,16.39981585
MAM,SHFLX,2014,3,12.9162617
MAM,SHFLX,2014,4,8.53240575
MAM,SHFLX,2014,5,34.1193923
MAM,SHFLX,2015,1,28.74827357
MAM,SHFLX,2015,2,17.47403959
MAM,SHFLX,2015,3,12.6860709
MAM,SHFLX,2015,4,14.37925214
MAM,SHFLX,2015,5,26.7123638
MAM,SHFLX,2016,1,29.81738196
MAM,SHFLX,2016,2,16.26170137
MAM,SHFLX,2016,3,13.21806742
MAM,SHFLX,2016,4,10.70131465
MAM,SHFLX,2016,5,30.00153461
MAM,SHFLX,2017,1,27.26993708
MAM,SHFLX,2017,2,15.12609341
MAM,SHFLX,2017,3,13.04414548
MAM,SHFLX,2017,4,12.81907003
MAM,SHFLX,2017,5,31.740754
MAM,SHFLX,2018,1,23.6329224
MAM,SHFLX,2018,2,12.41495729
MAM,SHFLX,2018,3,13.13110645
MAM,SHFLX,2018,4,12.4558801
MAM,SHFLX,2018,5,38.36513377
MAM,SHFLX,2019,1,26.17013658
MAM,SHFLX,2019,2,22.5228912
MAM,SHFLX,2019,3,12.85487749
MAM,SHFLX,2019,4,16.14916364
MAM,SHFLX,2019,5,22.3029311
MAM,SHFLX,2020,1,28.06281651
MAM,SHFLX,2020,2,17.43823213
MAM,SHFLX,2020,3,12.86510819
MAM,SHFLX,2020,4,12.67072485
MAM,SHFLX,2020,5,28.96311832
MAM,SHFLX,2021,1,32.21136631
MAM,SHFLX,2021,2,15.23351578
MAM,SHFLX,2021,3,12.68095555
MAM,SHFLX,2021,4,12.78326257
MAM,SHFLX,2021,5,27.09089979
MAM,SHFLX,2022,1,30.4312241
MAM,SHFLX,2022,2,16.50212287
MAM,SHFLX,2022,3,12.64003274
MAM,SHFLX,2022,4,13.06972224
MAM,SHFLX,2022,5,27.35689805
MAM,SHFLX,2023,1,31.1057325
MAM,SHFLX,2023,2,17.2248813
MAM,SHFLX,2023,3,13.0584762
MAM,SHFLX,2023,4,12.7449097
MAM,SHFLX,2023,5,28.0143239
MAM,SHFLX,2024,1,29.8765204
MAM,SHFLX,2024,2,15.9183321
MAM,SHFLX,2024,3,13.4412785
MAM,SHFLX,2024,4,14.0375152
MAM,SHFLX,2024,5,27.6894147
JJA,MSE,1982,1,28.32881477
JJA,MSE,1982,2,17.305233
JJA,MSE,1982,3,10.33812471
JJA,MSE,1982,4,10.4864699
JJA,MSE,1982,5,33.54135761
JJA,MSE,1983,1,27.17274541
JJA,MSE,1983,2,16.60442989
JJA,MSE,1983,3,11.36119495
JJA,MSE,1983,4,9.785666786
JJA,MSE,1983,5,35.07596296
JJA,MSE,1984,2,17.85257558
JJA,MSE,1984,3,8.025985984
JJA,MSE,1984,4,9.80101284
JJA,MSE,1984,5,31.16271932
JJA,MSE,1985,1,32.24717377
JJA,MSE,1985,2,15.66832063
JJA,MSE,1985,3,8.777942606
JJA,MSE,1985,4,12.21034324
JJA,MSE,1985,5,31.09621976
JJA,MSE,1986,1,29.72530564
JJA,MSE,1986,2,17.16200317
JJA,MSE,1986,3,9.811243542
JJA,MSE,1986,4,11.88807612
JJA,MSE,1986,5,31.41337153
JJA,MSE,1987,1,28.06281651
JJA,MSE,1987,2,13.79098675
JJA,MSE,1987,3,11.31515679
JJA,MSE,1987,4,9.488976418
JJA,MSE,1987,5,37.34206353
JJA,MSE,1988,1,23.71476802
JJA,MSE,1988,2,13.00833802
JJA,MSE,1988,3,11.90853752
JJA,MSE,1988,4,12.58887923
JJA,MSE,1988,5,38.77947721
JJA,MSE,1989,1,26.68678705
JJA,MSE,1989,2,17.305233
JJA,MSE,1989,3,11.05938923
JJA,MSE,1989,4,12.21545859
JJA,MSE,1989,5,32.73313213
JJA,MSE,1990,1,26.4719423
JJA,MSE,1990,2,19.13652872
JJA,MSE,1990,3,9.806128191
JJA,MSE,1990,4,10.26139444
JJA,MSE,1990,5,34.32400634
JJA,MSE,1991,1,26.64074889
JJA,MSE,1991,2,12.94695381
JJA,MSE,1991,3,11.27423398
JJA,MSE,1991,4,10.37904752
JJA,MSE,1991,5,38.75901581
JJA,MSE,1992,1,29.00404113
JJA,MSE,1992,2,15.37674561
JJA,MSE,1992,3,10.15908742
JJA,MSE,1992,4,11.90342217
JJA,MSE,1992,5,33.55670367
JJA,MSE,1993,1,27.86331782
JJA,MSE,1993,2,18.11857384
JJA,MSE,1993,3,8.997902706
JJA,MSE,1993,4,10.35347077
JJA,MSE,1993,5,34.66673487
JJA,MSE,1994,1,28.29300731
JJA,MSE,1994,2,14.38436749
JJA,MSE,1994,3,10.03631899
JJA,MSE,1994,4,11.51465548
JJA,MSE,1994,5,35.77165072
JJA,MSE,1995,1,26.15479053
JJA,MSE,1995,2,14.80382628
JJA,MSE,1995,3,10.59389227
JJA,MSE,1995,4,9.662898358
JJA,MSE,1995,5,38.78459256
JJA,MSE,1996,1,30.42610875
JJA,MSE,1996,2,16.635122
JJA,MSE,1996,3,9.217862806
JJA,MSE,1996,4,10.33300936
JJA,MSE,1996,5,33.38789708
JJA,MSE,1997,1,26.06782956
JJA,MSE,1997,2,15.27955394
JJA,MSE,1997,3,10.65527648
JJA,MSE,1997,4,11.10031204
JJA,MSE,1997,5,36.89702798
JJA,MSE,1998,1,26.45659625
JJA,MSE,1998,2,13.64775692
JJA,MSE,1998,3,10.71154535
JJA,MSE,1998,4,10.63993043
JJA,MSE,1998,5,38.54417106
JJA,MSE,1999,1,27.21366822
JJA,MSE,1999,2,12.76280117
JJA,MSE,1999,3,12.09780551
JJA,MSE,1999,4,16.25658601
JJA,MSE,1999,5,31.66913909
JJA,MSE,2000,1,29.42349992
JJA,MSE,2000,2,18.56360939
JJA,MSE,2000,3,9.212747455
JJA,MSE,2000,4,11.66811602
JJA,MSE,2000,5,31.13202721
JJA,MSE,2001,1,28.16000818
JJA,MSE,2001,2,17.04946545
JJA,MSE,2001,3,10.05166505
JJA,MSE,2001,4,12.61957133
JJA,MSE,2001,5,32.11928999
JJA,MSE,2002,1,24.82479922
JJA,MSE,2002,2,17.15688782
JJA,MSE,2002,3,11.63230856
JJA,MSE,2002,4,11.86249936
JJA,MSE,2002,5,34.52350504
JJA,MSE,2003,1,27.59731956
JJA,MSE,2003,2,13.84214026
JJA,MSE,2003,3,11.16169625
JJA,MSE,2003,4,11.75507699
JJA,MSE,2003,5,35.64376694
JJA,MSE,2004,1,28.16512354
JJA,MSE,2004,2,17.86280628
JJA,MSE,2004,3,11.34584889
JJA,MSE,2004,4,13.10552969
JJA,MSE,2004,5,29.5206916
JJA,MSE,2005,1,26.88628574
JJA,MSE,2005,2,13.5556806
JJA,MSE,2005,3,12.07734411
JJA,MSE,2005,4,11.64253926
JJA,MSE,2005,5,35.83815029
JJA,MSE,2006,1,27.64847307
JJA,MSE,2006,2,15.81155046
JJA,MSE,2006,3,12.04153665
JJA,MSE,2006,4,10.91104404
JJA,MSE,2006,5,33.58739577
JJA,MSE,2007,1,28.40554504
JJA,MSE,2007,2,11.8369226
JJA,MSE,2007,3,12.28195816
JJA,MSE,2007,4,13.1157604
JJA,MSE,2007,5,34.3598138
JJA,MSE,2008,1,30.78929869
JJA,MSE,2008,2,13.97513939
JJA,MSE,2008,3,11.05938923
JJA,MSE,2008,4,13.73983324
JJA,MSE,2008,5,30.43633945
JJA,MSE,2009,1,28.51808277
JJA,MSE,2009,2,15.24374648
JJA,MSE,2009,3,11.71415418
JJA,MSE,2009,4,11.09519669
JJA,MSE,2009,5,33.42881989
JJA,MSE,2010,1,28.05258581
JJA,MSE,2010,2,12.21545859
JJA,MSE,2010,3,11.11054274
JJA,MSE,2010,4,11.29469538
JJA,MSE,2010,5,37.32671748
JJA,MSE,2011,1,29.3416543
JJA,MSE,2011,2,13.73983324
JJA,MSE,2011,3,11.5760397
JJA,MSE,2011,4,11.53511689
JJA,MSE,2011,5,33.80735587
JJA,MSE,2012,1,27.04997698
JJA,MSE,2012,2,13.7961021
JJA,MSE,2012,3,11.97503709
JJA,MSE,2012,4,12.84464679
JJA,MSE,2012,5,34.33423705
JJA,MSE,2013,1,30.13453374
JJA,MSE,2013,2,15.38186096
JJA,MSE,2013,3,11.67834672
JJA,MSE,2013,4,12.2563814
JJA,MSE,2013,5,30.54887718
JJA,MSE,2014,1,27.40293621
JJA,MSE,2014,2,13.15156786
JJA,MSE,2014,3,12.7065323
JJA,MSE,2014,4,11.69369277
JJA,MSE,2014,5,35.04527086
JJA,MSE,2015,1,26.64074889
JJA,MSE,2015,2,13.29991304
JJA,MSE,2015,3,12.88045424
JJA,MSE,2015,4,11.67834672
JJA,MSE,2015,5,35.50053711
JJA,MSE,2016,1,28.08839327
JJA,MSE,2016,2,12.56841782
JJA,MSE,2016,3,11.10542739
JJA,MSE,2016,4,11.05938923
JJA,MSE,2016,5,37.1783723
JJA,MSE,2017,1,25.95529183
JJA,MSE,2017,2,12.91114635
JJA,MSE,2017,3,11.27934933
JJA,MSE,2017,4,11.15146555
JJA,MSE,2017,5,38.70274694
JJA,MSE,2018,1,27.70985728
JJA,MSE,2018,2,12.08245946
JJA,MSE,2018,3,11.46861732
JJA,MSE,2018,4,13.45848893
JJA,MSE,2018,5,35.28057701
JJA,MSE,2019,1,27.75078009
JJA,MSE,2019,2,10.77804491
JJA,MSE,2019,3,10.7166607
JJA,MSE,2019,4,10.97754361
JJA,MSE,2019,5,39.77697069
JJA,MSE,2020,1,27.52058929
JJA,MSE,2020,2,11.63742391
JJA,MSE,2020,3,12.7065323
JJA,MSE,2020,4,13.41756612
JJA,MSE,2020,5,34.71788838
JJA,MSE,2021,1,28.49250601
JJA,MSE,2021,2,12.96741521
JJA,MSE,2021,3,12.59399458
JJA,MSE,2021,4,14.17975344
JJA,MSE,2021,5,31.76633076
JJA,MSE,2022,1,29.59230651
JJA,MSE,2022,2,13.47383498
JJA,MSE,2022,3,12.07222876
JJA,MSE,2022,4,16.42027725
JJA,MSE,2022,5,28.4413525
JJA,MSE,2023,1,31.02458713
JJA,MSE,2023,2,14.28517366
JJA,MSE,2023,3,11.75409244
JJA,MSE,2023,4,17.03362588
JJA,MSE,2023,5,27.85941102
JJA,MSE,2024,1,30.47628194
JJA,MSE,2024,2,13.98260157
JJA,MSE,2024,3,12.36950521
JJA,MSE,2024,4,16.87590236
JJA,MSE,2024,5,28.19673345
JJA,CAPE,1982,1,55.47086808
JJA,CAPE,1982,2,13.71937183
JJA,CAPE,1982,3,12.69118625
JJA,CAPE,1982,4,9.944242672
JJA,CAPE,1982,5,8.174331168
JJA,CAPE,1983,1,55.83405801
JJA,CAPE,1983,2,13.28968234
JJA,CAPE,1983,3,12.65537879
JJA,CAPE,1983,4,10.14885672
JJA,CAPE,1983,5,8.072024144
JJA,CAPE,1984,1,56.97478132
JJA,CAPE,1984,2,8.0976009
JJA,CAPE,1984,3,17.98045936
JJA,CAPE,1984,4,9.14624789
JJA,CAPE,1984,5,7.800910533
JJA,CAPE,1985,1,54.01810834
JJA,CAPE,1985,2,15.13120876
JJA,CAPE,1985,3,10.20512558
JJA,CAPE,1985,4,11.13100414
JJA,CAPE,1985,5,9.514553174
JJA,CAPE,1986,1,54.45291319
JJA,CAPE,1986,2,15.13120876
JJA,CAPE,1986,3,10.91104404
JJA,CAPE,1986,4,10.86500588
JJA,CAPE,1986,5,8.639828124
JJA,CAPE,1987,1,54.02322369
JJA,CAPE,1987,2,10.40973963
JJA,CAPE,1987,3,16.94204307
JJA,CAPE,1987,4,10.32277866
JJA,CAPE,1987,5,8.302214947
JJA,CAPE,1988,1,48.68279707
JJA,CAPE,1988,2,16.48166147
JJA,CAPE,1988,3,9.80101284
JJA,CAPE,1988,4,13.83190956
JJA,CAPE,1988,5,11.20261906
JJA,CAPE,1989,1,52.01800604
JJA,CAPE,1989,2,11.22308046
JJA,CAPE,1989,3,15.47905264
JJA,CAPE,1989,4,11.77042304
JJA,CAPE,1989,5,9.509437823
JJA,CAPE,1990,1,55.17929306
JJA,CAPE,1990,2,8.215253977
JJA,CAPE,1990,3,17.59680802
JJA,CAPE,1990,4,10.41485498
JJA,CAPE,1990,5,8.593789964
JJA,CAPE,1991,1,52.02823674
JJA,CAPE,1991,2,11.42257916
JJA,CAPE,1991,3,16.49189217
JJA,CAPE,1991,4,10.17954883
JJA,CAPE,1991,5,9.877743107
JJA,CAPE,1992,1,54.43245179
JJA,CAPE,1992,2,17.86280628
JJA,CAPE,1992,3,7.673026753
JJA,CAPE,1992,4,11.28446468
JJA,CAPE,1992,5,8.747250499
JJA,CAPE,1993,1,55.71640493
JJA,CAPE,1993,2,12.17965113
JJA,CAPE,1993,3,13.55056525
JJA,CAPE,1993,4,10.32277866
JJA,CAPE,1993,5,8.230600031
JJA,CAPE,1994,1,50.73916824
JJA,CAPE,1994,2,18.58918615
JJA,CAPE,1994,3,7.079646018
JJA,CAPE,1994,4,12.42518799
JJA,CAPE,1994,5,11.1668116
JJA,CAPE,1995,1,52.47838764
JJA,CAPE,1995,2,10.81385237
JJA,CAPE,1995,3,17.60192337
JJA,CAPE,1995,4,10.36881682
JJA,CAPE,1995,5,8.737019796
JJA,CAPE,1996,1,55.06675533
JJA,CAPE,1996,2,12.15918973
JJA,CAPE,1996,3,14.26159906
JJA,CAPE,1996,4,10.37904752
JJA,CAPE,1996,5,8.133408358
JJA,CAPE,1997,1,52.91830784
JJA,CAPE,1997,2,11.01846642
JJA,CAPE,1997,3,16.07243337
JJA,CAPE,1997,4,10.99800501
JJA,CAPE,1997,5,8.992787355
JJA,CAPE,1998,1,50.90797483
JJA,CAPE,1998,2,12.99299197
JJA,CAPE,1998,3,12.80372398
JJA,CAPE,1998,4,12.67072485
JJA,CAPE,1998,5,10.62458438
JJA,CAPE,1999,1,48.18660801
JJA,CAPE,1999,2,13.34083585
JJA,CAPE,1999,3,7.652565349
JJA,CAPE,1999,4,13.44314287
JJA,CAPE,1999,5,17.37684792
JJA,CAPE,2000,1,54.86214129
JJA,CAPE,2000,2,11.43792521
JJA,CAPE,2000,3,13.60683411
JJA,CAPE,2000,4,11.35096424
JJA,CAPE,2000,5,8.742135148
JJA,CAPE,2001,1,54.93887155
JJA,CAPE,2001,2,16.6453527
JJA,CAPE,2001,3,4.931198527
JJA,CAPE,2001,4,11.95457568
JJA,CAPE,2001,5,11.53000153
JJA,CAPE,2002,1,54.77006496
JJA,CAPE,2002,2,12.55818712
JJA,CAPE,2002,3,11.06450458
JJA,CAPE,2002,4,11.89830682
JJA,CAPE,2002,5,9.708936518
JJA,CAPE,2003,1,54.06926185
JJA,CAPE,2003,2,15.25909254
JJA,CAPE,2003,3,8.844442171
JJA,CAPE,2003,4,11.71415418
JJA,CAPE,2003,5,10.11304926
JJA,CAPE,2004,1,56.12051767
JJA,CAPE,2004,2,15.105632
JJA,CAPE,2004,3,7.018261804
JJA,CAPE,2004,4,12.38426518
JJA,CAPE,2004,5,9.371323341
JJA,CAPE,2005,1,54.5040667
JJA,CAPE,2005,2,14.41505959
JJA,CAPE,2005,3,10.43531638
JJA,CAPE,2005,4,11.20261906
JJA,CAPE,2005,5,9.442938258
JJA,CAPE,2006,1,55.06675533
JJA,CAPE,2006,2,13.5659113
JJA,CAPE,2006,3,8.450560131
JJA,CAPE,2006,4,12.69118625
JJA,CAPE,2006,5,10.22558699
JJA,CAPE,2007,1,53.33265129
JJA,CAPE,2007,2,13.31014374
JJA,CAPE,2007,3,2.015448361
JJA,CAPE,2007,4,14.84474909
JJA,CAPE,2007,5,16.49700752
JJA,CAPE,2008,1,56.4734769
JJA,CAPE,2008,2,15.91897284
JJA,CAPE,2008,3,2.598598394
JJA,CAPE,2008,4,12.8958003
JJA,CAPE,2008,5,12.11315157
JJA,CAPE,2009,1,57.9722748
JJA,CAPE,2009,2,13.62729551
JJA,CAPE,2009,3,8.506828994
JJA,CAPE,2009,4,10.48135454
JJA,CAPE,2009,5,9.412246151
JJA,CAPE,2010,1,54.95421761
JJA,CAPE,2010,2,16.73742902
JJA,CAPE,2010,3,5.222773543
JJA,CAPE,2010,4,12.73722441
JJA,CAPE,2010,5,10.34835541
JJA,CAPE,2011,1,56.64739884
JJA,CAPE,2011,2,16.05197197
JJA,CAPE,2011,3,5.07442836
JJA,CAPE,2011,4,12.29730421
JJA,CAPE,2011,5,9.928896619
JJA,CAPE,2012,1,54.64729654
JJA,CAPE,2012,2,17.32057906
JJA,CAPE,2012,3,3.007826487
JJA,CAPE,2012,4,12.75257046
JJA,CAPE,2012,5,12.27172745
JJA,CAPE,2013,1,57.73185329
JJA,CAPE,2013,2,12.21034324
JJA,CAPE,2013,3,2.465599263
JJA,CAPE,2013,4,13.64775692
JJA,CAPE,2013,5,13.94444729
JJA,CAPE,2014,1,55.1434856
JJA,CAPE,2014,2,14.06210036
JJA,CAPE,2014,3,2.93109622
JJA,CAPE,2014,4,13.47383498
JJA,CAPE,2014,5,14.38948284
JJA,CAPE,2015,1,56.55532252
JJA,CAPE,2015,2,16.09289478
JJA,CAPE,2015,3,5.089774413
JJA,CAPE,2015,4,11.3663103
JJA,CAPE,2015,5,10.89569799
JJA,CAPE,2016,1,55.06163998
JJA,CAPE,2016,2,13.29991304
JJA,CAPE,2016,3,7.74464167
JJA,CAPE,2016,4,12.10292087
JJA,CAPE,2016,5,11.79088444
JJA,CAPE,2017,1,55.48109878
JJA,CAPE,2017,2,14.26159906
JJA,CAPE,2017,3,7.683257456
JJA,CAPE,2017,4,11.55046294
JJA,CAPE,2017,5,11.02358177
JJA,CAPE,2018,1,53.49634252
JJA,CAPE,2018,2,13.1259911
JJA,CAPE,2018,3,2.58325234
JJA,CAPE,2018,4,14.75267277
JJA,CAPE,2018,5,16.04174127
JJA,CAPE,2019,1,52.35561921
JJA,CAPE,2019,2,15.06470919
JJA,CAPE,2019,3,3.89278224
JJA,CAPE,2019,4,12.82418538
JJA,CAPE,2019,5,15.86270397
JJA,CAPE,2020,1,58.37638754
JJA,CAPE,2020,2,4.429894112
JJA,CAPE,2020,3,0.930993913
JJA,CAPE,2020,4,19.58667963
JJA,CAPE,2020,5,16.67604481
JJA,CAPE,2021,1,60.50437363
JJA,CAPE,2021,2,4.711238427
JJA,CAPE,2021,3,0.398997391
JJA,CAPE,2021,4,18.71195458
JJA,CAPE,2021,5,15.67343598
JJA,CAPE,2022,1,63.09274132
JJA,CAPE,2022,2,2.67021331
JJA,CAPE,2022,3,0.327382475
JJA,CAPE,2022,4,21.82208809
JJA,CAPE,2022,5,12.08757481
JJA,CAPE,2023,1,58.47219034
JJA,CAPE,2023,2,4.12876955
JJA,CAPE,2023,3,0.514882913
JJA,CAPE,2023,4,19.36725104
JJA,CAPE,2023,5,15.66248027
JJA,CAPE,2024,1,61.78344219
JJA,CAPE,2024,2,3.28517387
JJA,CAPE,2024,3,0.42130654
JJA,CAPE,2024,4,22.56379481
JJA,CAPE,2024,5,11.93985762
JJA,LHFLX,1982,1,18.87564581
JJA,LHFLX,1982,2,25.36702645
JJA,LHFLX,1982,3,18.33341859
JJA,LHFLX,1982,4,18.05207427
JJA,LHFLX,1982,5,19.37183488
JJA,LHFLX,1983,1,19.20814364
JJA,LHFLX,1983,2,24.62018518
JJA,LHFLX,1983,3,19.12629802
JJA,LHFLX,1983,4,17.53030846
JJA,LHFLX,1983,5,19.51506471
JJA,LHFLX,1984,1,14.52759732
JJA,LHFLX,1984,2,26.37475063
JJA,LHFLX,1984,3,20.91667093
JJA,LHFLX,1984,4,17.84746023
JJA,LHFLX,1984,5,20.3335209
JJA,LHFLX,1985,1,18.85518441
JJA,LHFLX,1985,2,24.69691544
JJA,LHFLX,1985,3,15.95989565
JJA,LHFLX,1985,4,20.1340222
JJA,LHFLX,1985,5,20.3539823
JJA,LHFLX,1986,1,18.86541511
JJA,LHFLX,1986,2,27.93493273
JJA,LHFLX,1986,3,17.82188347
JJA,LHFLX,1986,4,17.0852729
JJA,LHFLX,1986,5,18.29249578
JJA,LHFLX,1987,1,16.8550821
JJA,LHFLX,1987,2,28.21627705
JJA,LHFLX,1987,3,18.22599621
JJA,LHFLX,1987,4,17.44846284
JJA,LHFLX,1987,5,19.2541818
JJA,LHFLX,1988,1,21.223592
JJA,LHFLX,1988,2,28.02700905
JJA,LHFLX,1988,3,13.92910123
JJA,LHFLX,1988,4,19.48948795
JJA,LHFLX,1988,5,17.33080976
JJA,LHFLX,1989,1,20.43582792
JJA,LHFLX,1989,2,27.91447133
JJA,LHFLX,1989,3,16.24635531
JJA,LHFLX,1989,4,17.75538391
JJA,LHFLX,1989,5,17.64796153
JJA,LHFLX,1990,1,19.90894675
JJA,LHFLX,1990,2,25.73533173
JJA,LHFLX,1990,3,18.73753133
JJA,LHFLX,1990,4,17.87303698
JJA,LHFLX,1990,5,17.7451532
JJA,LHFLX,1991,1,16.77835183
JJA,LHFLX,1991,2,30.77395263
JJA,LHFLX,1991,3,16.73231367
JJA,LHFLX,1991,4,16.73742902
JJA,LHFLX,1991,5,18.97795284
JJA,LHFLX,1992,1,17.9548826
JJA,LHFLX,1992,2,23.08557983
JJA,LHFLX,1992,3,19.30533531
JJA,LHFLX,1992,4,19.50994936
JJA,LHFLX,1992,5,20.1442529
JJA,LHFLX,1993,1,17.25919484
JJA,LHFLX,1993,2,25.64837076
JJA,LHFLX,1993,3,20.60974986
JJA,LHFLX,1993,4,17.0852729
JJA,LHFLX,1993,5,19.39741163
JJA,LHFLX,1994,1,16.72208297
JJA,LHFLX,1994,2,26.02690675
JJA,LHFLX,1994,3,17.49961635
JJA,LHFLX,1994,4,18.76822344
JJA,LHFLX,1994,5,20.98317049
JJA,LHFLX,1995,1,13.95467799
JJA,LHFLX,1995,2,28.03723976
JJA,LHFLX,1995,3,18.55849404
JJA,LHFLX,1995,4,17.79630672
JJA,LHFLX,1995,5,21.6532815
JJA,LHFLX,1996,1,12.30241956
JJA,LHFLX,1996,2,30.90695176
JJA,LHFLX,1996,3,18.07765103
JJA,LHFLX,1996,4,16.26170137
JJA,LHFLX,1996,5,22.45127628
JJA,LHFLX,1997,1,16.78858254
JJA,LHFLX,1997,2,25.23402732
JJA,LHFLX,1997,3,15.91897284
JJA,LHFLX,1997,4,17.40754003
JJA,LHFLX,1997,5,24.65087728
JJA,LHFLX,1998,1,14.40482889
JJA,LHFLX,1998,2,24.75318431
JJA,LHFLX,1998,3,18.08276638
JJA,LHFLX,1998,4,19.79129367
JJA,LHFLX,1998,5,22.96792675
JJA,LHFLX,1999,1,16.14404829
JJA,LHFLX,1999,2,26.27755895
JJA,LHFLX,1999,3,15.04936314
JJA,LHFLX,1999,4,19.37183488
JJA,LHFLX,1999,5,23.15719474
JJA,LHFLX,2000,1,12.92137705
JJA,LHFLX,2000,2,25.44887207
JJA,LHFLX,2000,3,17.2847716
JJA,LHFLX,2000,4,18.00603611
JJA,LHFLX,2000,5,26.33894317
JJA,LHFLX,2001,1,15.13632411
JJA,LHFLX,2001,2,28.26743056
JJA,LHFLX,2001,3,15.89339608
JJA,LHFLX,2001,4,17.03411939
JJA,LHFLX,2001,5,23.66872986
JJA,LHFLX,2002,1,16.56862244
JJA,LHFLX,2002,2,24.9629137
JJA,LHFLX,2002,3,18.30272648
JJA,LHFLX,2002,4,17.75538391
JJA,LHFLX,2002,5,22.41035347
JJA,LHFLX,2003,1,16.45096936
JJA,LHFLX,2003,2,25.11637424
JJA,LHFLX,2003,3,18.3845721
JJA,LHFLX,2003,4,20.51767354
JJA,LHFLX,2003,5,19.53041076
JJA,LHFLX,2004,1,15.59159036
JJA,LHFLX,2004,2,23.29530922
JJA,LHFLX,2004,3,18.78356949
JJA,LHFLX,2004,4,18.8142616
JJA,LHFLX,2004,5,23.51526932
JJA,LHFLX,2005,1,16.54304568
JJA,LHFLX,2005,2,25.08056678
JJA,LHFLX,2005,3,18.6147629
JJA,LHFLX,2005,4,17.44334749
JJA,LHFLX,2005,5,22.31827715
JJA,LHFLX,2006,1,16.48677682
JJA,LHFLX,2006,2,26.80444012
JJA,LHFLX,2006,3,17.66842294
JJA,LHFLX,2006,4,16.90623561
JJA,LHFLX,2006,5,22.13412451
JJA,LHFLX,2007,1,15.62739782
JJA,LHFLX,2007,2,28.31858407
JJA,LHFLX,2007,3,17.46380889
JJA,LHFLX,2007,4,18.10834314
JJA,LHFLX,2007,5,20.48186608
JJA,LHFLX,2008,1,14.46621311
JJA,LHFLX,2008,2,25.98598394
JJA,LHFLX,2008,3,17.88326769
JJA,LHFLX,2008,4,17.76561461
JJA,LHFLX,2008,5,23.89892066
JJA,LHFLX,2009,1,17.61726943
JJA,LHFLX,2009,2,24.38999437
JJA,LHFLX,2009,3,17.52007775
JJA,LHFLX,2009,4,17.75538391
JJA,LHFLX,2009,5,22.71727454
JJA,LHFLX,2010,1,17.26431019
JJA,LHFLX,2010,2,24.74806895
JJA,LHFLX,2010,3,16.15939434
JJA,LHFLX,2010,4,17.43823213
JJA,LHFLX,2010,5,24.38999437
JJA,LHFLX,2011,1,17.9548826
JJA,LHFLX,2011,2,23.8631132
JJA,LHFLX,2011,3,17.67353829
JJA,LHFLX,2011,4,18.41526421
JJA,LHFLX,2011,5,22.0932017
JJA,LHFLX,2012,1,15.51997545
JJA,LHFLX,2012,2,27.341552
JJA,LHFLX,2012,3,17.87303698
JJA,LHFLX,2012,4,18.91145327
JJA,LHFLX,2012,5,20.3539823
JJA,LHFLX,2013,1,16.52769963
JJA,LHFLX,2013,2,23.10604123
JJA,LHFLX,2013,3,18.95237608
JJA,LHFLX,2013,4,19.41787304
JJA,LHFLX,2013,5,21.99601003
JJA,LHFLX,2014,1,16.58396849
JJA,LHFLX,2014,2,25.28518083
JJA,LHFLX,2014,3,16.91135096
JJA,LHFLX,2014,4,17.85257558
JJA,LHFLX,2014,5,23.36692414
JJA,LHFLX,2015,1,19.56621822
JJA,LHFLX,2015,2,24.12911146
JJA,LHFLX,2015,3,21.20313059
JJA,LHFLX,2015,4,17.43311678
JJA,LHFLX,2015,5,17.66842294
JJA,LHFLX,2016,1,17.40242468
JJA,LHFLX,2016,2,24.69180009
JJA,LHFLX,2016,3,19.83733183
JJA,LHFLX,2016,4,20.07263799
JJA,LHFLX,2016,5,17.99580541
JJA,LHFLX,2017,1,18.02138217
JJA,LHFLX,2017,2,25.5921019
JJA,LHFLX,2017,3,18.22599621
JJA,LHFLX,2017,4,16.57373779
JJA,LHFLX,2017,5,21.58678193
JJA,LHFLX,2018,1,18.64033966
JJA,LHFLX,2018,2,24.64064658
JJA,LHFLX,2018,3,16.79369789
JJA,LHFLX,2018,4,20.43071257
JJA,LHFLX,2018,5,19.4946033
JJA,LHFLX,2019,1,16.46631541
JJA,LHFLX,2019,2,24.79410712
JJA,LHFLX,2019,3,20.46652003
JJA,LHFLX,2019,4,21.07524682
JJA,LHFLX,2019,5,17.19781063
JJA,LHFLX,2020,1,18.75799274
JJA,LHFLX,2020,2,23.11627193
JJA,LHFLX,2020,3,19.13141337
JJA,LHFLX,2020,4,21.07524682
JJA,LHFLX,2020,5,17.91907514
JJA,LHFLX,2021,1,19.88848534
JJA,LHFLX,2021,2,23.72499872
JJA,LHFLX,2021,3,18.834723
JJA,LHFLX,2021,4,20.09309939
JJA,LHFLX,2021,5,17.45869354
JJA,LHFLX,2022,1,20.43582792
JJA,LHFLX,2022,2,19.97033096
JJA,LHFLX,2022,3,18.58918615
JJA,LHFLX,2022,4,22.27223899
JJA,LHFLX,2022,5,18.73241598
JJA,LHFLX,2023,1,21.10382917
JJA,LHFLX,2023,2,20.54827634
JJA,LHFLX,2023,3,19.01438762
JJA,LHFLX,2023,4,22.98456108
JJA,LHFLX,2023,5,18.96153749
JJA,LHFLX,2024,1,20.82764153
JJA,LHFLX,2024,2,19.63588247
JJA,LHFLX,2024,3,18.92375614
JJA,LHFLX,2024,4,23.12677892
JJA,LHFLX,2024,5,19.20564873
JJA,SHFLX,1982,1,12.82418538
JJA,SHFLX,1982,2,21.80674203
JJA,SHFLX,1982,3,26.04736815
JJA,SHFLX,1982,4,7.724180265
JJA,SHFLX,1982,5,31.59752417
JJA,SHFLX,1983,1,12.68095555
JJA,SHFLX,1983,2,22.76842805
JJA,SHFLX,1983,3,23.37203949
JJA,SHFLX,1983,4,8.931403141
JJA,SHFLX,1983,5,32.24717377
JJA,SHFLX,1984,1,12.44564939
JJA,SHFLX,1984,2,21.91927976
JJA,SHFLX,1984,3,25.00895186
JJA,SHFLX,1984,4,11.60161645
JJA,SHFLX,1984,5,29.02450253
JJA,SHFLX,1985,1,12.92137705
JJA,SHFLX,1985,2,19.19791294
JJA,SHFLX,1985,3,27.18809146
JJA,SHFLX,1985,4,8.624482071
JJA,SHFLX,1985,5,32.06813648
JJA,SHFLX,1986,1,12.4558801
JJA,SHFLX,1986,2,19.57644892
JJA,SHFLX,1986,3,26.89140109
JJA,SHFLX,1986,4,10.55808481
JJA,SHFLX,1986,5,30.51818507
JJA,SHFLX,1987,1,12.52749501
JJA,SHFLX,1987,2,23.38227019
JJA,SHFLX,1987,3,25.02941327
JJA,SHFLX,1987,4,9.381554044
JJA,SHFLX,1987,5,29.67926748
JJA,SHFLX,1988,1,12.24103535
JJA,SHFLX,1988,2,19.32579672
JJA,SHFLX,1988,3,29.02961788
JJA,SHFLX,1988,4,6.373727556
JJA,SHFLX,1988,5,33.0298225
JJA,SHFLX,1989,1,12.08757481
JJA,SHFLX,1989,2,19.54575682
JJA,SHFLX,1989,3,29.63322932
JJA,SHFLX,1989,4,8.731904445
JJA,SHFLX,1989,5,30.00153461
JJA,SHFLX,1990,1,12.59399458
JJA,SHFLX,1990,2,20.41536651
JJA,SHFLX,1990,3,28.79431173
JJA,SHFLX,1990,4,9.836820298
JJA,SHFLX,1990,5,28.35950688
JJA,SHFLX,1991,1,12.55818712
JJA,SHFLX,1991,2,20.92690163
JJA,SHFLX,1991,3,27.11136119
JJA,SHFLX,1991,4,7.990178526
JJA,SHFLX,1991,5,31.41337153
JJA,SHFLX,1992,1,12.75257046
JJA,SHFLX,1992,2,23.03954166
JJA,SHFLX,1992,3,23.8631132
JJA,SHFLX,1992,4,9.304823776
JJA,SHFLX,1992,5,31.03995089
JJA,SHFLX,1993,1,12.78837792
JJA,SHFLX,1993,2,21.35659113
JJA,SHFLX,1993,3,23.29530922
JJA,SHFLX,1993,4,11.46861732
JJA,SHFLX,1993,5,31.0911044
JJA,SHFLX,1994,1,12.97764592
JJA,SHFLX,1994,2,19.63271779
JJA,SHFLX,1994,3,23.90915136
JJA,SHFLX,1994,4,10.63993043
JJA,SHFLX,1994,5,32.8405545
JJA,SHFLX,1995,1,12.43541869
JJA,SHFLX,1995,2,23.13161799
JJA,SHFLX,1995,3,23.77103688
JJA,SHFLX,1995,4,10.70131465
JJA,SHFLX,1995,5,29.9606118
JJA,SHFLX,1996,1,12.24103535
JJA,SHFLX,1996,2,19.83733183
JJA,SHFLX,1996,3,23.54084608
JJA,SHFLX,1996,4,13.63241087
JJA,SHFLX,1996,5,30.74837588
JJA,SHFLX,1997,1,12.4661108
JJA,SHFLX,1997,2,17.66842294
JJA,SHFLX,1997,3,28.4618139
JJA,SHFLX,1997,4,12.64514809
JJA,SHFLX,1997,5,28.75850427
JJA,SHFLX,1998,1,12.49680291
JJA,SHFLX,1998,2,20.87063277
JJA,SHFLX,1998,3,26.08317561
JJA,SHFLX,1998,4,12.97253056
JJA,SHFLX,1998,5,27.57685815
JJA,SHFLX,1999,1,12.44564939
JJA,SHFLX,1999,2,17.82188347
JJA,SHFLX,1999,3,28.2316231
JJA,SHFLX,1999,4,10.74223745
JJA,SHFLX,1999,5,30.75860658
JJA,SHFLX,2000,1,12.53772571
JJA,SHFLX,2000,2,17.90372909
JJA,SHFLX,2000,3,22.90654253
JJA,SHFLX,2000,4,15.59159036
JJA,SHFLX,2000,5,31.0604123
JJA,SHFLX,2001,1,11.98526779
JJA,SHFLX,2001,2,17.21827203
JJA,SHFLX,2001,3,28.35950688
JJA,SHFLX,2001,4,13.80121745
JJA,SHFLX,2001,5,28.63573584
JJA,SHFLX,2002,1,12.15918973
JJA,SHFLX,2002,2,22.29781575
JJA,SHFLX,2002,3,27.25970638
JJA,SHFLX,2002,4,14.03652361
JJA,SHFLX,2002,5,24.24676454
JJA,SHFLX,2003,1,12.49680291
JJA,SHFLX,2003,2,22.29781575
JJA,SHFLX,2003,3,23.26973247
JJA,SHFLX,2003,4,12.62980204
JJA,SHFLX,2003,5,29.30584685
JJA,SHFLX,2004,1,12.42518799
JJA,SHFLX,2004,2,20.94736304
JJA,SHFLX,2004,3,27.93493273
JJA,SHFLX,2004,4,14.68105785
JJA,SHFLX,2004,5,24.01145839
JJA,SHFLX,2005,1,12.4763415
JJA,SHFLX,2005,2,21.81185738
JJA,SHFLX,2005,3,25.64325541
JJA,SHFLX,2005,4,12.9264924
JJA,SHFLX,2005,5,27.1420533
JJA,SHFLX,2006,1,12.32799632
JJA,SHFLX,2006,2,21.4230907
JJA,SHFLX,2006,3,28.25208451
JJA,SHFLX,2006,4,12.79860862
JJA,SHFLX,2006,5,25.19821986
JJA,SHFLX,2007,1,12.56841782
JJA,SHFLX,2007,2,19.68898665
JJA,SHFLX,2007,3,28.10885467
JJA,SHFLX,2007,4,11.88296077
JJA,SHFLX,2007,5,27.75078009
JJA,SHFLX,2008,1,12.42007264
JJA,SHFLX,2008,2,20.01125377
JJA,SHFLX,2008,3,27.58708885
JJA,SHFLX,2008,4,14.31786792
JJA,SHFLX,2008,5,25.66371681
JJA,SHFLX,2009,1,12.44053404
JJA,SHFLX,2009,2,19.86290859
JJA,SHFLX,2009,3,29.88388153
JJA,SHFLX,2009,4,15.44324518
JJA,SHFLX,2009,5,22.36943066
JJA,SHFLX,2010,1,12.40984194
JJA,SHFLX,2010,2,17.9446519
JJA,SHFLX,2010,3,28.26743056
JJA,SHFLX,2010,4,14.40994424
JJA,SHFLX,2010,5,26.96813136
JJA,SHFLX,2011,1,12.36380378
JJA,SHFLX,2011,2,20.70694153
JJA,SHFLX,2011,3,29.99641925
JJA,SHFLX,2011,4,14.33832933
JJA,SHFLX,2011,5,22.59450611
JJA,SHFLX,2012,1,12.56330247
JJA,SHFLX,2012,2,19.28998926
JJA,SHFLX,2012,3,27.26482173
JJA,SHFLX,2012,4,13.7756407
JJA,SHFLX,2012,5,27.10624584
JJA,SHFLX,2013,1,12.38938053
JJA,SHFLX,2013,2,21.93974116
JJA,SHFLX,2013,3,29.00404113
JJA,SHFLX,2013,4,15.32047675
JJA,SHFLX,2013,5,21.34636043
JJA,SHFLX,2014,1,12.12338227
JJA,SHFLX,2014,2,22.14435521
JJA,SHFLX,2014,3,29.5616144
JJA,SHFLX,2014,4,13.3664126
JJA,SHFLX,2014,5,22.80423551
JJA,SHFLX,2015,1,11.84203796
JJA,SHFLX,2015,2,25.05499003
JJA,SHFLX,2015,3,27.86843317
JJA,SHFLX,2015,4,14.55828943
JJA,SHFLX,2015,5,20.67624942
JJA,SHFLX,2016,1,12.56330247
JJA,SHFLX,2016,2,22.81958156
JJA,SHFLX,2016,3,27.73543404
JJA,SHFLX,2016,4,13.67333367
JJA,SHFLX,2016,5,23.20834825
JJA,SHFLX,2017,1,12.54795642
JJA,SHFLX,2017,2,19.99590772
JJA,SHFLX,2017,3,26.7123638
JJA,SHFLX,2017,4,14.45086705
JJA,SHFLX,2017,5,26.29290501
JJA,SHFLX,2018,1,12.44564939
JJA,SHFLX,2018,2,21.29009156
JJA,SHFLX,2018,3,31.02972019
JJA,SHFLX,2018,4,11.71926953
JJA,SHFLX,2018,5,23.51526932
JJA,SHFLX,2019,1,12.66049414
JJA,SHFLX,2019,2,22.23131618
JJA,SHFLX,2019,3,25.56652514
JJA,SHFLX,2019,4,12.82930073
JJA,SHFLX,2019,5,26.7123638
JJA,SHFLX,2020,1,12.56841782
JJA,SHFLX,2020,2,24.46160929
JJA,SHFLX,2020,3,28.33904548
JJA,SHFLX,2020,4,11.02869712
JJA,SHFLX,2020,5,23.60223029
JJA,SHFLX,2021,1,12.48145685
JJA,SHFLX,2021,2,22.46662233
JJA,SHFLX,2021,3,28.79431173
JJA,SHFLX,2021,4,14.13371528
JJA,SHFLX,2021,5,22.12389381
JJA,SHFLX,2022,1,12.53772571
JJA,SHFLX,2022,2,20.27213668
JJA,SHFLX,2022,3,28.90684946
JJA,SHFLX,2022,4,14.0058315
JJA,SHFLX,2022,5,24.27745665
JJA,SHFLX,2023,1,13.24589132
JJA,SHFLX,2023,2,21.00854377
JJA,SHFLX,2023,3,29.65472312
JJA,SHFLX,2023,4,14.65239851
JJA,SHFLX,2023,5,25.01896247
JJA,SHFLX,2024,1,12.98356248
JJA,SHFLX,2024,2,20.55721489
JJA,SHFLX,2024,3,30.10234875
JJA,SHFLX,2024,4,15.33422561
JJA,SHFLX,2024,5,24.78965322
SON,MSE,1982,1,17.70934575
SON,MSE,1982,2,14.24113765
SON,MSE,1982,3,17.32057906
SON,MSE,1982,4,25.37725715
SON,MSE,1982,5,25.35168039
SON,MSE,1983,1,17.40754003
SON,MSE,1983,2,16.04174127
SON,MSE,1983,3,20.53813494
SON,MSE,1983,4,17.98045936
SON,MSE,1983,5,28.03212441
SON,MSE,1984,1,16.56350708
SON,MSE,1984,2,13.3664126
SON,MSE,1984,3,22.48196839
SON,MSE,1984,4,19.9140621
SON,MSE,1984,5,27.67404982
SON,MSE,1985,1,15.19259297
SON,MSE,1985,2,20.38978976
SON,MSE,1985,3,18.76822344
SON,MSE,1985,4,15.88316538
SON,MSE,1985,5,29.76622845
SON,MSE,1986,1,14.77313418
SON,MSE,1986,2,16.35889304
SON,MSE,1986,3,18.68637782
SON,MSE,1986,4,20.5637117
SON,MSE,1986,5,29.61788327
SON,MSE,1987,1,14.82940304
SON,MSE,1987,2,13.92910123
SON,MSE,1987,3,17.50984705
SON,MSE,1987,4,16.79369789
SON,MSE,1987,5,36.93795079
SON,MSE,1988,1,15.3051307
SON,MSE,1988,2,17.20804133
SON,MSE,1988,3,18.47664842
SON,MSE,1988,4,18.20553481
SON,MSE,1988,5,30.80464474
SON,MSE,1989,1,16.06731802
SON,MSE,1989,2,16.28216277
SON,MSE,1989,3,18.34364929
SON,MSE,1989,4,17.56611591
SON,MSE,1989,5,31.740754
SON,MSE,1990,1,14.21044555
SON,MSE,1990,2,16.1952018
SON,MSE,1990,3,17.55588521
SON,MSE,1990,4,16.59419919
SON,MSE,1990,5,35.44426825
SON,MSE,1991,1,15.69389739
SON,MSE,1991,2,15.69901274
SON,MSE,1991,3,20.09821474
SON,MSE,1991,4,17.98557471
SON,MSE,1991,5,30.52330042
SON,MSE,1992,1,17.55076986
SON,MSE,1992,2,16.1849711
SON,MSE,1992,3,19.66852524
SON,MSE,1992,4,18.97283749
SON,MSE,1992,5,27.62289631
SON,MSE,1993,1,12.46099545
SON,MSE,1993,2,15.41766842
SON,MSE,1993,3,21.68908896
SON,MSE,1993,4,15.27955394
SON,MSE,1993,5,35.15269323
SON,MSE,1994,1,8.946749194
SON,MSE,1994,2,21.67885825
SON,MSE,1994,3,18.18507341
SON,MSE,1994,4,18.85518441
SON,MSE,1994,5,32.33413474
SON,MSE,1995,1,14.10813852
SON,MSE,1995,2,16.32308558
SON,MSE,1995,3,19.61737173
SON,MSE,1995,4,18.29249578
SON,MSE,1995,5,31.65890838
SON,MSE,1996,1,16.01104916
SON,MSE,1996,2,15.54043685
SON,MSE,1996,3,21.17243849
SON,MSE,1996,4,20.40002046
SON,MSE,1996,5,26.87605504
SON,MSE,1997,1,12.84464679
SON,MSE,1997,2,14.00071615
SON,MSE,1997,3,16.51235357
SON,MSE,1997,4,17.80142207
SON,MSE,1997,5,38.84086143
SON,MSE,1998,1,10.43531638
SON,MSE,1998,2,14.11325387
SON,MSE,1998,3,22.54846795
SON,MSE,1998,4,17.06992685
SON,MSE,1998,5,35.83303494
SON,MSE,1999,1,12.33822702
SON,MSE,1999,2,21.87835695
SON,MSE,1999,3,18.164612
SON,MSE,1999,4,19.84244718
SON,MSE,1999,5,27.77635685
SON,MSE,2000,1,16.91135096
SON,MSE,2000,2,16.89600491
SON,MSE,2000,3,21.62770474
SON,MSE,2000,4,17.68376899
SON,MSE,2000,5,26.88117039
SON,MSE,2001,1,10.55296946
SON,MSE,2001,2,10.36370147
SON,MSE,2001,3,17.52007775
SON,MSE,2001,4,22.14947056
SON,MSE,2001,5,39.41378076
SON,MSE,2002,1,11.53511689
SON,MSE,2002,2,18.23111157
SON,MSE,2002,3,18.97795284
SON,MSE,2002,4,18.91656862
SON,MSE,2002,5,32.33925009
SON,MSE,2003,1,10.88035194
SON,MSE,2003,2,16.80392859
SON,MSE,2003,3,19.49971866
SON,MSE,2003,4,16.60954525
SON,MSE,2003,5,36.20645557
SON,MSE,2004,1,14.20021484
SON,MSE,2004,2,16.54304568
SON,MSE,2004,3,17.63261548
SON,MSE,2004,4,18.23111157
SON,MSE,2004,5,33.39301243
SON,MSE,2005,1,14.50202056
SON,MSE,2005,2,17.9241905
SON,MSE,2005,3,18.3948028
SON,MSE,2005,4,19.35137347
SON,MSE,2005,5,29.82761267
SON,MSE,2006,1,12.27172745
SON,MSE,2006,2,15.59670571
SON,MSE,2006,3,20.16471431
SON,MSE,2006,4,22.88608113
SON,MSE,2006,5,29.08077139
SON,MSE,2007,1,15.71947414
SON,MSE,2007,2,16.32820093
SON,MSE,2007,3,17.84746023
SON,MSE,2007,4,16.8550821
SON,MSE,2007,5,33.2497826
SON,MSE,2008,1,13.73983324
SON,MSE,2008,2,15.64274387
SON,MSE,2008,3,24.56391631
SON,MSE,2008,4,18.69149317
SON,MSE,2008,5,27.3620134
SON,MSE,2009,1,11.03381247
SON,MSE,2009,2,14.62990434
SON,MSE,2009,3,19.63271779
SON,MSE,2009,4,20.67113407
SON,MSE,2009,5,34.03243133
SON,MSE,2010,1,6.951762238
SON,MSE,2010,2,17.04435009
SON,MSE,2010,3,22.63542892
SON,MSE,2010,4,16.1849711
SON,MSE,2010,5,37.18348765
SON,MSE,2011,1,15.39720702
SON,MSE,2011,2,15.86781933
SON,MSE,2011,3,19.31556601
SON,MSE,2011,4,20.35909765
SON,MSE,2011,5,29.06030999
SON,MSE,2012,1,11.64765461
SON,MSE,2012,2,16.09289478
SON,MSE,2012,3,19.16722083
SON,MSE,2012,4,17.45869354
SON,MSE,2012,5,35.63353624
SON,MSE,2013,1,14.13883063
SON,MSE,2013,2,16.13893294
SON,MSE,2013,3,20.34886695
SON,MSE,2013,4,18.08788173
SON,MSE,2013,5,31.28548775
SON,MSE,2014,1,13.01345337
SON,MSE,2014,2,17.74003785
SON,MSE,2014,3,19.20814364
SON,MSE,2014,4,18.96260678
SON,MSE,2014,5,31.07575835
SON,MSE,2015,1,9.003018057
SON,MSE,2015,2,20.63532662
SON,MSE,2015,3,14.96240217
SON,MSE,2015,4,18.91656862
SON,MSE,2015,5,36.48268454
SON,MSE,2017,1,14.32809862
SON,MSE,2017,2,15.13120876
SON,MSE,2017,3,19.23372039
SON,MSE,2017,4,17.44334749
SON,MSE,2017,5,33.86362474
SON,MSE,2018,1,7.96460177
SON,MSE,2018,3,16.27704742
SON,MSE,2018,4,19.21837434
SON,MSE,2018,5,32.59501765
SON,MSE,2019,1,5.780346821
SON,MSE,2019,2,19.34114277
SON,MSE,2019,3,15.42789913
SON,MSE,2019,4,19.26952785
SON,MSE,2019,5,40.18108343
SON,MSE,2020,1,6.378842908
SON,MSE,2020,3,15.93943424
SON,MSE,2020,4,16.1849711
SON,MSE,2020,5,35.99672618
SON,MSE,2021,1,12.10292087
SON,MSE,2021,2,16.15427899
SON,MSE,2021,3,21.86812625
SON,MSE,2021,4,19.74525551
SON,MSE,2021,5,30.12941838
SON,MSE,2022,1,12.44564939
SON,MSE,2022,2,18.74776203
SON,MSE,2022,3,22.9628114
SON,MSE,2022,4,22.99861886
SON,MSE,2022,5,22.84515832
SON,MSE,2023,1,13.11238472
SON,MSE,2023,2,19.28450795
SON,MSE,2023,3,23.41798256
SON,MSE,2023,4,23.56100431
SON,MSE,2023,5,23.20871544
SON,MSE,2024,1,12.87910461
SON,MSE,2024,2,18.95370642
SON,MSE,2024,3,22.67459278
SON,MSE,2024,4,23.13590927
SON,MSE,2024,5,22.98236105
SON,CAPE,1982,1,18.22599621
SON,CAPE,1982,2,17.65819223
SON,CAPE,1982,3,14.29229117
SON,CAPE,1982,4,41.14276945
SON,CAPE,1982,5,8.680750934
SON,CAPE,1983,1,19.85779324
SON,CAPE,1983,2,12.7065323
SON,CAPE,1983,3,11.74484628
SON,CAPE,1983,4,42.55972172
SON,CAPE,1983,5,13.13110645
SON,CAPE,1984,1,17.83722953
SON,CAPE,1984,2,12.93160775
SON,CAPE,1984,3,13.39710471
SON,CAPE,1984,4,39.95089263
SON,CAPE,1984,5,15.88316538
SON,CAPE,1985,1,16.73742902
SON,CAPE,1985,2,13.1362218
SON,CAPE,1985,3,13.66310297
SON,CAPE,1985,4,42.58529848
SON,CAPE,1985,5,13.87794772
SON,CAPE,1986,1,17.41777073
SON,CAPE,1986,2,15.58647501
SON,CAPE,1986,3,15.7348202
SON,CAPE,1986,4,39.92020052
SON,CAPE,1986,5,11.34073354
SON,CAPE,1987,1,14.03652361
SON,CAPE,1987,2,14.48667451
SON,CAPE,1987,3,12.88045424
SON,CAPE,1987,4,43.12241035
SON,CAPE,1987,5,15.47393729
SON,CAPE,1988,1,19.7145634
SON,CAPE,1988,2,12.00572919
SON,CAPE,1988,3,14.13883063
SON,CAPE,1988,4,42.00214845
SON,CAPE,1988,5,12.13872832
SON,CAPE,1989,1,14.95728682
SON,CAPE,1989,2,13.87283237
SON,CAPE,1989,3,12.56330247
SON,CAPE,1989,4,43.64417617
SON,CAPE,1989,5,14.96240217
SON,CAPE,1990,1,13.42268147
SON,CAPE,1990,2,9.069517622
SON,CAPE,1990,3,12.93160775
SON,CAPE,1990,4,45.04578239
SON,CAPE,1990,5,19.53041076
SON,CAPE,1991,1,16.88577421
SON,CAPE,1991,2,10.45577779
SON,CAPE,1991,3,12.10803622
SON,CAPE,1991,4,43.20937132
SON,CAPE,1991,5,17.34104046
SON,CAPE,1992,1,17.02900404
SON,CAPE,1992,2,14.02117755
SON,CAPE,1992,3,12.87533889
SON,CAPE,1992,4,44.00736611
SON,CAPE,1992,5,12.06711341
SON,CAPE,1993,1,14.90613331
SON,CAPE,1993,2,11.64253926
SON,CAPE,1993,3,12.74233976
SON,CAPE,1993,4,41.84868791
SON,CAPE,1993,5,18.86029976
SON,CAPE,1994,1,18.164612
SON,CAPE,1994,2,16.81415929
SON,CAPE,1994,3,12.9162617
SON,CAPE,1994,4,39.69000972
SON,CAPE,1994,5,12.41495729
SON,CAPE,1995,1,14.51225127
SON,CAPE,1995,2,15.41255307
SON,CAPE,1995,3,13.7756407
SON,CAPE,1995,4,42.95360376
SON,CAPE,1995,5,13.3459512
SON,CAPE,1996,1,15.40232237
SON,CAPE,1996,2,16.22077856
SON,CAPE,1996,3,13.23852883
SON,CAPE,1996,4,43.64929152
SON,CAPE,1996,5,11.48907873
SON,CAPE,1997,1,15.78085836
SON,CAPE,1997,2,12.51726431
SON,CAPE,1997,3,11.43792521
SON,CAPE,1997,4,41.73103484
SON,CAPE,1997,5,18.53291728
SON,CAPE,1998,1,18.8244923
SON,CAPE,1998,2,14.74755742
SON,CAPE,1998,3,15.08005525
SON,CAPE,1998,4,38.98409126
SON,CAPE,1998,5,12.36380378
SON,CAPE,1999,1,17.11084966
SON,CAPE,1999,2,16.29750882
SON,CAPE,1999,3,15.18747762
SON,CAPE,1999,4,42.55972172
SON,CAPE,1999,5,8.844442171
SON,CAPE,2000,1,18.34876464
SON,CAPE,2000,2,13.69891043
SON,CAPE,2000,3,15.43812983
SON,CAPE,2000,4,42.39603049
SON,CAPE,2000,5,10.11816461
SON,CAPE,2001,1,20.67624942
SON,CAPE,2001,2,14.87032585
SON,CAPE,2001,3,14.72709602
SON,CAPE,2001,4,39.1784746
SON,CAPE,2001,5,10.54785411
SON,CAPE,2002,1,15.3255921
SON,CAPE,2002,2,18.21576551
SON,CAPE,2002,3,15.65297458
SON,CAPE,2002,4,43.38840861
SON,CAPE,2002,5,7.417259195
SON,CAPE,2003,1,14.95217147
SON,CAPE,2003,2,16.11847153
SON,CAPE,2003,3,13.67844903
SON,CAPE,2003,4,42.13003223
SON,CAPE,2003,5,13.12087575
SON,CAPE,2004,1,16.45096936
SON,CAPE,2004,2,16.43562331
SON,CAPE,2004,3,15.86781933
SON,CAPE,2004,4,42.14537828
SON,CAPE,2004,5,9.100209729
SON,CAPE,2005,1,14.32809862
SON,CAPE,2005,2,14.88055655
SON,CAPE,2005,3,15.68878203
SON,CAPE,2005,4,43.94598189
SON,CAPE,2005,5,11.1565809
SON,CAPE,2006,1,18.79891555
SON,CAPE,2006,2,15.85758862
SON,CAPE,2006,3,16.08266407
SON,CAPE,2006,4,42.14026293
SON,CAPE,2006,5,7.120568827
SON,CAPE,2007,1,15.7655123
SON,CAPE,2007,2,16.57373779
SON,CAPE,2007,3,13.24875953
SON,CAPE,2007,4,45.63404778
SON,CAPE,2007,5,8.777942606
SON,CAPE,2008,1,17.74003785
SON,CAPE,2008,2,11.96480638
SON,CAPE,2008,3,18.07253568
SON,CAPE,2008,4,43.13775641
SON,CAPE,2008,5,9.084863676
SON,CAPE,2009,1,14.57875083
SON,CAPE,2009,2,15.46882193
SON,CAPE,2009,3,13.79098675
SON,CAPE,2009,4,45.54708681
SON,CAPE,2009,5,10.61435368
SON,CAPE,2010,1,15.81155046
SON,CAPE,2010,2,15.06470919
SON,CAPE,2010,3,13.37664331
SON,CAPE,2010,4,41.26042253
SON,CAPE,2010,5,14.48667451
SON,CAPE,2011,1,16.50723822
SON,CAPE,2011,2,16.92669702
SON,CAPE,2011,3,16.95738912
SON,CAPE,2011,4,43.52140774
SON,CAPE,2011,5,6.087267891
SON,CAPE,2012,1,15.04424779
SON,CAPE,2012,2,17.75538391
SON,CAPE,2012,3,16.00593381
SON,CAPE,2012,4,43.46002353
SON,CAPE,2012,5,7.734410967
SON,CAPE,2013,1,15.76039695
SON,CAPE,2013,2,16.28727812
SON,CAPE,2013,3,17.91907514
SON,CAPE,2013,4,44.61609289
SON,CAPE,2013,5,5.417156888
SON,CAPE,2014,1,16.55839173
SON,CAPE,2014,2,12.30241956
SON,CAPE,2014,3,18.66591642
SON,CAPE,2014,4,44.51890122
SON,CAPE,2014,5,7.954371068
SON,CAPE,2015,1,15.17213157
SON,CAPE,2015,2,13.40733541
SON,CAPE,2015,3,17.62750013
SON,CAPE,2015,4,44.53936263
SON,CAPE,2015,5,9.253670264
SON,CAPE,2016,1,14.78848023
SON,CAPE,2016,2,12.2563814
SON,CAPE,2016,3,16.17985575
SON,CAPE,2016,4,44.646785
SON,CAPE,2016,5,12.12849762
SON,CAPE,2017,1,16.91135096
SON,CAPE,2017,2,12.2666121
SON,CAPE,2017,3,18.35899535
SON,CAPE,2017,4,43.46513888
SON,CAPE,2017,5,8.997902706
SON,CAPE,2018,1,14.85497979
SON,CAPE,2018,2,11.01335107
SON,CAPE,2018,3,18.77333879
SON,CAPE,2018,4,44.28871042
SON,CAPE,2018,5,11.06961993
SON,CAPE,2019,1,15.7655123
SON,CAPE,2019,2,15.49439869
SON,CAPE,2019,3,20.46652003
SON,CAPE,2019,4,39.13243644
SON,CAPE,2019,5,9.141132539
SON,CAPE,2020,1,23.98076628
SON,CAPE,2020,2,7.540027623
SON,CAPE,2020,3,20.73251829
SON,CAPE,2020,4,47.07657681
SON,CAPE,2020,5,0.670111003
SON,CAPE,2021,1,24.46160929
SON,CAPE,2021,2,7.038723208
SON,CAPE,2021,3,15.79108906
SON,CAPE,2021,4,51.31720293
SON,CAPE,2021,5,1.391375518
SON,CAPE,2022,1,30.34937848
SON,CAPE,2022,2,5.4683104
SON,CAPE,2022,3,14.68617321
SON,CAPE,2022,4,49.30686992
SON,CAPE,2022,5,0.189267993
SON,CAPE,2023,1,28.4753921
SON,CAPE,2023,2,6.12847355
SON,CAPE,2023,3,16.20958347
SON,CAPE,2023,4,47.83219433
SON,CAPE,2023,5,0.26349187
SON,CAPE,2024,1,31.09428576
SON,CAPE,2024,2,5.01296422
SON,CAPE,2024,3,15.47382961
SON,CAPE,2024,4,50.12759388
SON,CAPE,2024,5,0.19867412
SON,LHFLX,1982,1,21.37705253
SON,LHFLX,1982,2,15.95989565
SON,LHFLX,1982,3,24.80945317
SON,LHFLX,1982,4,25.47444882
SON,LHFLX,1982,5,12.37914983
SON,LHFLX,1983,1,18.43572561
SON,LHFLX,1983,2,18.29249578
SON,LHFLX,1983,3,24.14445752
SON,LHFLX,1983,4,26.0422528
SON,LHFLX,1983,5,13.08506829
SON,LHFLX,1984,1,18.52268658
SON,LHFLX,1984,2,17.86792163
SON,LHFLX,1984,3,28.6510819
SON,LHFLX,1984,4,24.00122768
SON,LHFLX,1984,5,10.9570822
SON,LHFLX,1985,1,20.22098317
SON,LHFLX,1985,2,16.20031715
SON,LHFLX,1985,3,26.20082869
SON,LHFLX,1985,4,25.68417822
SON,LHFLX,1985,5,11.69369277
SON,LHFLX,1986,1,16.69650622
SON,LHFLX,1986,2,15.15167016
SON,LHFLX,1986,3,26.83001688
SON,LHFLX,1986,4,28.84546524
SON,LHFLX,1986,5,12.4763415
SON,LHFLX,1987,1,14.87032585
SON,LHFLX,1987,2,17.45357819
SON,LHFLX,1987,3,29.51046089
SON,LHFLX,1987,4,23.49480792
SON,LHFLX,1987,5,14.67082715
SON,LHFLX,1988,1,15.7552816
SON,LHFLX,1988,2,15.64785923
SON,LHFLX,1988,3,28.52831347
SON,LHFLX,1988,4,27.51547394
SON,LHFLX,1988,5,12.55307177
SON,LHFLX,1989,1,19.4741419
SON,LHFLX,1989,2,16.94715842
SON,LHFLX,1989,3,28.51808277
SON,LHFLX,1989,4,22.46150698
SON,LHFLX,1989,5,12.59910993
SON,LHFLX,1990,1,19.80152437
SON,LHFLX,1990,2,18.26180367
SON,LHFLX,1990,3,25.83763875
SON,LHFLX,1990,4,22.82469692
SON,LHFLX,1990,5,13.27433628
SON,LHFLX,1991,1,22.15458591
SON,LHFLX,1991,2,16.45096936
SON,LHFLX,1991,3,25.77113919
SON,LHFLX,1991,4,23.14184869
SON,LHFLX,1991,5,12.48145685
SON,LHFLX,1992,1,18.3641107
SON,LHFLX,1992,2,17.05969615
SON,LHFLX,1992,3,25.55117909
SON,LHFLX,1992,4,24.0728426
SON,LHFLX,1992,5,14.95217147
SON,LHFLX,1993,1,20.94224769
SON,LHFLX,1993,2,16.68116016
SON,LHFLX,1993,3,26.80955548
SON,LHFLX,1993,4,21.93462581
SON,LHFLX,1993,5,13.63241087
SON,LHFLX,1994,1,17.5149624
SON,LHFLX,1994,2,15.00844033
SON,LHFLX,1994,3,26.62540283
SON,LHFLX,1994,4,24.43091718
SON,LHFLX,1994,5,16.42027725
SON,LHFLX,1995,1,16.32308558
SON,LHFLX,1995,2,16.76300578
SON,LHFLX,1995,3,26.20082869
SON,LHFLX,1995,4,23.98588163
SON,LHFLX,1995,5,16.72719832
SON,LHFLX,1996,1,15.13120876
SON,LHFLX,1996,2,16.75277508
SON,LHFLX,1996,3,28.34416083
SON,LHFLX,1996,4,21.68908896
SON,LHFLX,1996,5,18.08276638
SON,LHFLX,1997,1,20.35909765
SON,LHFLX,1997,2,16.32820093
SON,LHFLX,1997,3,26.52309581
SON,LHFLX,1997,4,23.40784695
SON,LHFLX,1997,5,13.38175866
SON,LHFLX,1998,1,14.50713591
SON,LHFLX,1998,2,14.48155916
SON,LHFLX,1998,3,30.03734206
SON,LHFLX,1998,4,23.04977237
SON,LHFLX,1998,5,17.9241905
SON,LHFLX,1999,1,16.50212287
SON,LHFLX,1999,2,16.15939434
SON,LHFLX,1999,3,27.71497263
SON,LHFLX,1999,4,23.81707504
SON,LHFLX,1999,5,15.80643511
SON,LHFLX,2000,1,19.00864494
SON,LHFLX,2000,2,17.16200317
SON,LHFLX,2000,3,25.09591283
SON,LHFLX,2000,4,24.10353471
SON,LHFLX,2000,5,14.62990434
SON,LHFLX,2001,1,21.18266919
SON,LHFLX,2001,2,15.92408819
SON,LHFLX,2001,3,26.84536293
SON,LHFLX,2001,4,25.77113919
SON,LHFLX,2001,5,10.2767405
SON,LHFLX,2002,1,22.95258069
SON,LHFLX,2002,2,17.56611591
SON,LHFLX,2002,3,25.49491023
SON,LHFLX,2002,4,19.33602742
SON,LHFLX,2002,5,14.65036575
SON,LHFLX,2003,1,19.0444524
SON,LHFLX,2003,2,16.05197197
SON,LHFLX,2003,3,28.21627705
SON,LHFLX,2003,4,21.84766484
SON,LHFLX,2003,5,14.83963374
SON,LHFLX,2004,1,21.19801524
SON,LHFLX,2004,2,17.9344212
SON,LHFLX,2004,3,25.51537163
SON,LHFLX,2004,4,20.90644023
SON,LHFLX,2004,5,14.4457517
SON,LHFLX,2005,1,17.17223387
SON,LHFLX,2005,2,19.28998926
SON,LHFLX,2005,3,26.33382782
SON,LHFLX,2005,4,21.57655123
SON,LHFLX,2005,5,15.62739782
SON,LHFLX,2006,1,22.47173768
SON,LHFLX,2006,2,14.95217147
SON,LHFLX,2006,3,26.78397872
SON,LHFLX,2006,4,21.49470561
SON,LHFLX,2006,5,14.29740652
SON,LHFLX,2007,1,17.60192337
SON,LHFLX,2007,2,18.05718963
SON,LHFLX,2007,3,26.81978618
SON,LHFLX,2007,4,24.76341501
SON,LHFLX,2007,5,12.75768582
SON,LHFLX,2008,1,22.94746534
SON,LHFLX,2008,2,16.30262418
SON,LHFLX,2008,3,26.02690675
SON,LHFLX,2008,4,21.58166658
SON,LHFLX,2008,5,13.14133715
SON,LHFLX,2009,1,23.95518952
SON,LHFLX,2009,2,16.31285488
SON,LHFLX,2009,3,24.25187989
SON,LHFLX,2009,4,24.56903166
SON,LHFLX,2009,5,10.91104404
SON,LHFLX,2010,1,22.30804645
SON,LHFLX,2010,2,15.80643511
SON,LHFLX,2010,3,27.97585554
SON,LHFLX,2010,4,20.70182618
SON,LHFLX,2010,5,13.20783672
SON,LHFLX,2011,1,21.11616963
SON,LHFLX,2011,2,17.00854264
SON,LHFLX,2011,3,26.18036728
SON,LHFLX,2011,4,23.78126758
SON,LHFLX,2011,5,11.91365287
SON,LHFLX,2012,1,18.63522431
SON,LHFLX,2012,2,16.92669702
SON,LHFLX,2012,3,28.18558494
SON,LHFLX,2012,4,24.2928027
SON,LHFLX,2012,5,11.95969103
SON,LHFLX,2013,1,20.03171518
SON,LHFLX,2013,2,18.54826334
SON,LHFLX,2013,3,24.7327229
SON,LHFLX,2013,4,23.56642283
SON,LHFLX,2013,5,13.12087575
SON,LHFLX,2014,1,21.12640033
SON,LHFLX,2014,2,16.8653128
SON,LHFLX,2014,3,25.58698655
SON,LHFLX,2014,4,21.17755384
SON,LHFLX,2014,5,15.24374648
SON,LHFLX,2015,1,21.31055297
SON,LHFLX,2015,2,20.10333009
SON,LHFLX,2015,3,23.23904036
SON,LHFLX,2015,4,22.21085478
SON,LHFLX,2015,5,13.1362218
SON,LHFLX,2016,1,20.67113407
SON,LHFLX,2016,2,19.82710113
SON,LHFLX,2016,3,24.67645404
SON,LHFLX,2016,4,19.7043327
SON,LHFLX,2016,5,15.12097806
SON,LHFLX,2017,1,17.9241905
SON,LHFLX,2017,2,18.64545501
SON,LHFLX,2017,3,25.38748785
SON,LHFLX,2017,4,26.27755895
SON,LHFLX,2017,5,11.76530769
SON,LHFLX,2018,1,20.83482531
SON,LHFLX,2018,2,19.4639112
SON,LHFLX,2018,3,25.14706635
SON,LHFLX,2018,4,20.03171518
SON,LHFLX,2018,5,14.52248197
SON,LHFLX,2019,1,16.47654611
SON,LHFLX,2019,2,19.0342217
SON,LHFLX,2019,3,28.69200471
SON,LHFLX,2019,4,23.28507852
SON,LHFLX,2019,5,12.51214896
SON,LHFLX,2020,1,16.54304568
SON,LHFLX,2020,2,17.91907514
SON,LHFLX,2020,3,27.08578444
SON,LHFLX,2020,4,27.69451123
SON,LHFLX,2020,5,10.75758351
SON,LHFLX,2021,1,17.21827203
SON,LHFLX,2021,2,18.04184357
SON,LHFLX,2021,3,26.11386772
SON,LHFLX,2021,4,26.9220932
SON,LHFLX,2021,5,11.70392347
SON,LHFLX,2022,1,16.64023735
SON,LHFLX,2022,2,17.09550361
SON,LHFLX,2022,3,24.69180009
SON,LHFLX,2022,4,28.84034989
SON,LHFLX,2022,5,12.73210906
SON,LHFLX,2023,1,17.10239845
SON,LHFLX,2023,2,18.04729121
SON,LHFLX,2023,3,25.33211874
SON,LHFLX,2023,4,29.47788013
SON,LHFLX,2023,5,13.20154058
SON,LHFLX,2024,1,16.88732157
SON,LHFLX,2024,2,17.56384276
SON,LHFLX,2024,3,26.10890134
SON,LHFLX,2024,4,30.12677892
SON,LHFLX,2024,5,12.98467245
SON,SHFLX,1982,1,19.69921735
SON,SHFLX,1982,2,19.08537521
SON,SHFLX,1982,3,43.74136784
SON,SHFLX,1982,4,12.88045424
SON,SHFLX,1982,5,4.59358535
SON,SHFLX,1983,1,20.41536651
SON,SHFLX,1983,2,20.50744284
SON,SHFLX,1983,3,37.64386925
SON,SHFLX,1983,4,12.63491739
SON,SHFLX,1983,5,8.79840401
SON,SHFLX,1984,1,21.78628063
SON,SHFLX,1984,2,21.56632053
SON,SHFLX,1984,3,37.87406005
SON,SHFLX,1984,4,12.30753491
SON,SHFLX,1984,5,6.465803877
SON,SHFLX,1985,1,17.98557471
SON,SHFLX,1985,2,19.10072126
SON,SHFLX,1985,3,43.51117704
SON,SHFLX,1985,4,12.54795642
SON,SHFLX,1985,5,6.854570566
SON,SHFLX,1986,1,23.60734564
SON,SHFLX,1986,2,17.70934575
SON,SHFLX,1986,3,41.89472607
SON,SHFLX,1986,4,12.4763415
SON,SHFLX,1986,5,4.312241035
SON,SHFLX,1987,1,20.1442529
SON,SHFLX,1987,2,15.99570311
SON,SHFLX,1987,3,40.7181953
SON,SHFLX,1987,4,12.49680291
SON,SHFLX,1987,5,10.64504578
SON,SHFLX,1988,1,17.0545808
SON,SHFLX,1988,2,17.43823213
SON,SHFLX,1988,3,45.42431838
SON,SHFLX,1988,4,12.94695381
SON,SHFLX,1988,5,7.135914881
SON,SHFLX,1989,1,19.75037086
SON,SHFLX,1989,2,18.66591642
SON,SHFLX,1989,3,40.15039132
SON,SHFLX,1989,4,12.62468668
SON,SHFLX,1989,5,8.808634713
SON,SHFLX,1990,1,20.01636912
SON,SHFLX,1990,2,19.85779324
SON,SHFLX,1990,3,37.72059952
SON,SHFLX,1990,4,12.6860709
SON,SHFLX,1990,5,9.719167221
SON,SHFLX,1991,1,21.42820605
SON,SHFLX,1991,2,19.58156427
SON,SHFLX,1991,3,41.10184664
SON,SHFLX,1991,4,12.80372398
SON,SHFLX,1991,5,5.084659062
SON,SHFLX,1992,1,18.26691902
SON,SHFLX,1992,2,17.17223387
SON,SHFLX,1992,3,41.69522738
SON,SHFLX,1992,4,12.65537879
SON,SHFLX,1992,5,10.21024093
SON,SHFLX,1993,1,20.42559722
SON,SHFLX,1993,2,19.77083227
SON,SHFLX,1993,3,39.36262724
SON,SHFLX,1993,4,12.59910993
SON,SHFLX,1993,5,7.841833342
SON,SHFLX,1994,1,14.13883063
SON,SHFLX,1994,2,17.5047317
SON,SHFLX,1994,3,45.86423858
SON,SHFLX,1994,4,12.74233976
SON,SHFLX,1994,5,9.749859328
SON,SHFLX,1995,1,17.45357819
SON,SHFLX,1995,2,15.85247327
SON,SHFLX,1995,3,40.97396286
SON,SHFLX,1995,4,12.38426518
SON,SHFLX,1995,5,13.3357205
SON,SHFLX,1996,1,17.35638652
SON,SHFLX,1996,2,15.37674561
SON,SHFLX,1996,3,40.46242775
SON,SHFLX,1996,4,12.62468668
SON,SHFLX,1996,5,14.17975344
SON,SHFLX,1997,1,19.2746432
SON,SHFLX,1997,2,21.71466571
SON,SHFLX,1997,3,40.24246765
SON,SHFLX,1997,4,12.76280117
SON,SHFLX,1997,5,6.005422272
SON,SHFLX,1998,1,15.72970484
SON,SHFLX,1998,2,14.65036575
SON,SHFLX,1998,3,44.25801831
SON,SHFLX,1998,4,12.72699371
SON,SHFLX,1998,5,12.63491739
SON,SHFLX,1999,1,15.29489999
SON,SHFLX,1999,2,14.19509949
SON,SHFLX,1999,3,44.95370607
SON,SHFLX,1999,4,12.59910993
SON,SHFLX,1999,5,12.95718451
SON,SHFLX,2000,1,18.90122257
SON,SHFLX,2000,2,19.01887565
SON,SHFLX,2000,3,38.80505397
SON,SHFLX,2000,4,12.6860709
SON,SHFLX,2000,5,10.58877692
SON,SHFLX,2001,1,21.70443501
SON,SHFLX,2001,2,21.69931966
SON,SHFLX,2001,3,38.02240524
SON,SHFLX,2001,4,12.29730421
SON,SHFLX,2001,5,6.276535884
SON,SHFLX,2002,1,20.22098317
SON,SHFLX,2002,2,18.91656862
SON,SHFLX,2002,3,38.59532457
SON,SHFLX,2002,4,12.31265026
SON,SHFLX,2002,5,9.954473375
SON,SHFLX,2003,1,18.97795284
SON,SHFLX,2003,2,17.86792163
SON,SHFLX,2003,3,39.65420226
SON,SHFLX,2003,4,12.45076474
SON,SHFLX,2003,5,11.04915852
SON,SHFLX,2004,1,20.94736304
SON,SHFLX,2004,2,19.59179498
SON,SHFLX,2004,3,36.35991611
SON,SHFLX,2004,4,12.61957133
SON,SHFLX,2004,5,10.48135454
SON,SHFLX,2005,1,18.21576551
SON,SHFLX,2005,2,14.43040565
SON,SHFLX,2005,3,38.9482838
SON,SHFLX,2005,4,12.20011254
SON,SHFLX,2005,5,16.2054325
SON,SHFLX,2006,1,20.56882705
SON,SHFLX,2006,2,19.34114277
SON,SHFLX,2006,3,39.8281242
SON,SHFLX,2006,4,12.23080464
SON,SHFLX,2006,5,8.031101335
SON,SHFLX,2007,1,18.77845414
SON,SHFLX,2007,2,16.31797023
SON,SHFLX,2007,3,40.10946852
SON,SHFLX,2007,4,12.70141695
SON,SHFLX,2007,5,12.09269016
SON,SHFLX,2008,1,20.22609852
SON,SHFLX,2008,2,20.66601872
SON,SHFLX,2008,3,36.86633587
SON,SHFLX,2008,4,12.38426518
SON,SHFLX,2008,5,9.857281702
SON,SHFLX,2009,1,24.47183999
SON,SHFLX,2009,2,21.70443501
SON,SHFLX,2009,3,35.04527086
SON,SHFLX,2009,4,12.44053404
SON,SHFLX,2009,5,6.337920098
SON,SHFLX,2010,1,16.36912374
SON,SHFLX,2010,2,18.90633792
SON,SHFLX,2010,3,40.28850581
SON,SHFLX,2010,4,12.62468668
SON,SHFLX,2010,5,11.81134585
SON,SHFLX,2011,1,18.33341859
SON,SHFLX,2011,2,21.34124508
SON,SHFLX,2011,3,39.76162464
SON,SHFLX,2011,4,12.61445598
SON,SHFLX,2011,5,7.949255716
SON,SHFLX,2012,1,17.47915494
SON,SHFLX,2012,2,19.72479411
SON,SHFLX,2012,3,41.63895851
SON,SHFLX,2012,4,12.59910993
SON,SHFLX,2012,5,8.557982505
SON,SHFLX,2013,1,20.93201698
SON,SHFLX,2013,2,18.06742033
SON,SHFLX,2013,3,36.61568367
SON,SHFLX,2013,4,12.49680291
SON,SHFLX,2013,5,11.88807612
SON,SHFLX,2014,1,19.4639112
SON,SHFLX,2014,2,17.11084966
SON,SHFLX,2014,3,37.8689447
SON,SHFLX,2014,4,12.66049414
SON,SHFLX,2014,5,12.8958003
SON,SHFLX,2015,1,22.32850785
SON,SHFLX,2015,2,16.77835183
SON,SHFLX,2015,3,34.129623
SON,SHFLX,2015,4,12.42518799
SON,SHFLX,2015,5,14.33832933
SON,SHFLX,2016,1,20.39490511
SON,SHFLX,2016,2,15.88316538
SON,SHFLX,2016,3,33.81247123
SON,SHFLX,2016,4,12.51214896
SON,SHFLX,2016,5,17.39730933
SON,SHFLX,2017,1,21.86812625
SON,SHFLX,2017,2,19.18256688
SON,SHFLX,2017,3,37.09141133
SON,SHFLX,2017,4,12.60422528
SON,SHFLX,2017,5,9.253670264
SON,SHFLX,2018,1,20.27725203
SON,SHFLX,2018,2,15.13632411
SON,SHFLX,2018,3,36.25760908
SON,SHFLX,2018,4,12.4661108
SON,SHFLX,2018,5,15.86270397
SON,SHFLX,2019,1,16.57885314
SON,SHFLX,2019,2,12.0159599
SON,SHFLX,2019,3,42.52902962
SON,SHFLX,2019,4,13.53010384
SON,SHFLX,2019,5,15.34605351
SON,SHFLX,2020,1,18.43061026
SON,SHFLX,2020,2,19.18768223
SON,SHFLX,2020,3,39.57747199
SON,SHFLX,2020,4,12.27172745
SON,SHFLX,2020,5,10.53250806
SON,SHFLX,2021,1,23.53061538
SON,SHFLX,2021,2,19.56110287
SON,SHFLX,2021,3,33.75108701
SON,SHFLX,2021,4,12.76791652
SON,SHFLX,2021,5,10.38927822
SON,SHFLX,2022,1,20.15448361
SON,SHFLX,2022,2,19.58667963
SON,SHFLX,2022,3,38.41117193
SON,SHFLX,2022,4,12.4865722
SON,SHFLX,2022,5,9.361092639
SON,SHFLX,2023,1,18.97234511
SON,SHFLX,2023,2,22.48126759
SON,SHFLX,2023,3,36.82955407
SON,SHFLX,2023,4,14.26798533
SON,SHFLX,2023,5,10.43821947
SON,SHFLX,2024,1,21.10532976
SON,SHFLX,2024,2,20.65482718
SON,SHFLX,2024,3,40.2391859
SON,SHFLX,2024,4,13.97461562
SON,SHFLX,2024,5,9.78413251