Year,Season,Latitude_Band,LAI_Mean,LAI_Change_From_Previous_Year,LAI_Cumulative_Change
1982,DJF,Northern,0.161035418,,0
1983,DJF,Northern,0.153505138,-0.007530279,-0.007530279
1984,DJF,Northern,0.152856292,-0.000648847,-0.008179126
1985,DJF,Northern,0.148151769,-0.004704522,-0.012883648
1986,DJF,Northern,0.146370339,-0.00178143,-0.014665079
1987,DJF,Northern,0.149859369,0.00348903,-0.011176049
1988,DJF,Northern,0.121018553,-0.028840816,-0.040016865
1989,DJF,Northern,0.148119581,0.027101029,-0.012915837
1990,DJF,Northern,0.154777906,0.006658325,-0.006257512
1991,DJF,Northern,0.140919892,-0.013858014,-0.020115526
1992,DJF,Northern,0.140472336,-0.000447555,-0.020563081
1993,DJF,Northern,0.157830368,0.017358032,-0.00320505
1994,DJF,Northern,0.161090336,0.003259968,5.49E-05
1995,DJF,Northern,0.170446261,0.009355925,0.009410843
1996,DJF,Northern,0.16030506,-0.0101412,-0.000730357
1997,DJF,Northern,0.152051201,-0.008253859,-0.008984217
1998,DJF,Northern,0.163664807,0.011613606,0.002629389
1999,DJF,Northern,0.186976541,0.023311734,0.025941123
2000,DJF,Northern,0.189042825,0.002066284,0.028007407
2001,DJF,Northern,0.204572949,0.015530124,0.043537531
2002,DJF,Northern,0.200674284,-0.003898665,0.039638866
2003,DJF,Northern,0.186458967,-0.014215317,0.025423549
2004,DJF,Northern,0.172851768,-0.013607199,0.01181635
2005,DJF,Northern,0.163864439,-0.008987328,0.002829022
2006,DJF,Northern,0.200207025,0.036342586,0.039171608
2007,DJF,Northern,0.201217346,0.001010321,0.040181929
2008,DJF,Northern,0.190674207,-0.010543139,0.02963879
2009,DJF,Northern,0.192422327,0.001748119,0.031386909
2010,DJF,Northern,0.22317136,0.030749033,0.062135942
2011,DJF,Northern,0.220973207,-0.002198152,0.05993779
2012,DJF,Northern,0.219870966,-0.001102241,0.058835549
2013,DJF,Northern,0.209753067,-0.0101179,0.048717649
2014,DJF,Northern,0.161590923,-0.048162143,0.000555506
2015,DJF,Northern,0.14952588,-0.012065043,-0.011509537
2016,DJF,Northern,0.14417985,-0.00534603,-0.016855567
2017,DJF,Northern,0.146657285,0.002477434,-0.014378133
2018,DJF,Northern,0.148972332,0.002315047,-0.012063086
2019,DJF,Northern,0.171430601,0.022458269,0.010395183
2020,DJF,Northern,0.177073452,0.005642852,0.016038035
2021,DJF,Northern,0.168574156,-0.008499297,0.007538738
2022,DJF,Northern,0.172789075,0.004214919,0.011753657
2023,DJF,Northern,0.166197121,-0.006591954,0.005161703
2024,DJF,Northern,0.173286067,0.007088947,0.01225065
1982,DJF,Central,1.756703088,,0
1983,DJF,Central,1.707757222,-0.048945866,-0.048945866
1984,DJF,Central,1.679081528,-0.028675694,-0.077621559
1985,DJF,Central,1.726107221,0.047025693,-0.030595866
1986,DJF,Central,1.772886647,0.046779426,0.01618356
1987,DJF,Central,1.752697493,-0.020189155,-0.004005595
1988,DJF,Central,1.650876508,-0.101820985,-0.10582658
1989,DJF,Central,1.694311633,0.043435125,-0.062391454
1990,DJF,Central,1.875589311,0.181277678,0.118886223
1991,DJF,Central,1.777241581,-0.09834773,0.020538493
1992,DJF,Central,1.694992837,-0.082248744,-0.061710251
1993,DJF,Central,1.743968174,0.048975337,-0.012734914
1994,DJF,Central,1.729610285,-0.014357889,-0.027092803
1995,DJF,Central,1.884473862,0.154863577,0.127770774
1996,DJF,Central,1.893588812,0.009114951,0.136885725
1997,DJF,Central,1.920235166,0.026646353,0.163532078
1998,DJF,Central,1.949733881,0.029498716,0.193030794
1999,DJF,Central,1.868997223,-0.080736659,0.112294135
2000,DJF,Central,1.881675481,0.012678258,0.124972393
2001,DJF,Central,1.928159643,0.046484163,0.171456556
2002,DJF,Central,1.931045543,0.002885899,0.174342455
2003,DJF,Central,1.934155883,0.00311034,0.177452795
2004,DJF,Central,1.876698019,-0.057457864,0.119994931
2005,DJF,Central,1.807456111,-0.069241907,0.050753024
2006,DJF,Central,1.895923598,0.088467486,0.13922051
2007,DJF,Central,1.906189933,0.010266336,0.149486846
2008,DJF,Central,1.858526818,-0.047663115,0.101823731
2009,DJF,Central,1.948878672,0.090351854,0.192175584
2010,DJF,Central,1.897691849,-0.051186823,0.140988761
2011,DJF,Central,1.908303116,0.010611267,0.151600029
2012,DJF,Central,1.865888329,-0.042414787,0.109185241
2013,DJF,Central,1.927777673,0.061889344,0.171074586
2014,DJF,Central,1.872715212,-0.055062461,0.116012124
2015,DJF,Central,1.951314134,0.078598922,0.194611046
2016,DJF,Central,1.776501615,-0.174812519,0.019798527
2017,DJF,Central,1.652359569,-0.124142046,-0.104343519
2018,DJF,Central,1.827895546,0.175535978,0.071192459
2019,DJF,Central,1.9719892,0.144093653,0.215286112
2020,DJF,Central,2.047128824,0.075139624,0.290425736
2021,DJF,Central,1.961429926,-0.085698898,0.204726838
2022,DJF,Central,1.880663403,-0.080766523,0.123960316
2023,DJF,Central,2.115296784,0.23463338,0.358593696
2024,DJF,Central,1.999740457,-0.115556327,0.243037369
1982,DJF,Southern,2.992103444,,0
1983,DJF,Southern,2.899507118,-0.092596325,-0.092596325
1984,DJF,Southern,2.954322189,0.054815071,-0.037781254
1985,DJF,Southern,3.08203923,0.12771704,0.089935786
1986,DJF,Southern,3.075825912,-0.006213317,0.083722469
1987,DJF,Southern,3.081731644,0.005905732,0.089628201
1988,DJF,Southern,2.945143877,-0.136587768,-0.046959567
1989,DJF,Southern,2.829194715,-0.115949162,-0.162908729
1990,DJF,Southern,3.108743444,0.279548729,0.11664
1991,DJF,Southern,3.073220154,-0.03552329,0.08111671
1992,DJF,Southern,2.874697468,-0.198522686,-0.117405976
1993,DJF,Southern,3.000394733,0.125697265,0.00829129
1994,DJF,Southern,3.006388936,0.005994202,0.014285492
1995,DJF,Southern,3.117720289,0.111331354,0.125616846
1996,DJF,Southern,3.121649824,0.003929535,0.12954638
1997,DJF,Southern,3.081875478,-0.039774346,0.089772034
1998,DJF,Southern,3.115812202,0.033936724,0.123708759
1999,DJF,Southern,3.116496256,0.000684054,0.124392813
2000,DJF,Southern,3.119782218,0.003285962,0.127678775
2001,DJF,Southern,3.162736154,0.042953936,0.17063271
2002,DJF,Southern,3.226320592,0.063584439,0.234217149
2003,DJF,Southern,3.192635083,-0.033685509,0.20053164
2004,DJF,Southern,3.165252818,-0.027382265,0.173149374
2005,DJF,Southern,3.109768981,-0.055483837,0.117665538
2006,DJF,Southern,3.145791,0.036022019,0.153687556
2007,DJF,Southern,3.108188423,-0.037602576,0.11608498
2008,DJF,Southern,3.153087439,0.044899016,0.160983996
2009,DJF,Southern,3.204268403,0.051180964,0.21216496
2010,DJF,Southern,3.168261448,-0.036006955,0.176158005
2011,DJF,Southern,3.101742506,-0.066518943,0.109639062
2012,DJF,Southern,3.041971109,-0.059771396,0.049867666
2013,DJF,Southern,3.126266127,0.084295018,0.134162684
2014,DJF,Southern,2.606146205,-0.520119922,-0.385957239
2015,DJF,Southern,2.66464287,0.058496665,-0.327460574
2016,DJF,Southern,2.661312064,-0.003330805,-0.330791379
2017,DJF,Southern,2.690028795,0.028716731,-0.302074648
2018,DJF,Southern,2.710510996,0.020482201,-0.281592448
2019,DJF,Southern,2.49652603,-0.213984966,-0.495577413
2020,DJF,Southern,2.649138916,0.152612886,-0.342964528
2021,DJF,Southern,2.63575278,-0.013386136,-0.356350664
2022,DJF,Southern,2.647985671,0.012232892,-0.344117772
2023,DJF,Southern,2.622119854,-0.025865817,-0.369983589
2024,DJF,Southern,2.578704803,-0.043415051,-0.41339864
1982,DJF,Far South,1.734678674,,0
1983,DJF,Far South,1.8153963,0.080717626,0.080717626
1984,DJF,Far South,1.773800354,-0.041595946,0.03912168
1985,DJF,Far South,1.845755086,0.071954732,0.111076412
1986,DJF,Far South,1.877656945,0.031901859,0.142978271
1987,DJF,Far South,1.841132601,-0.036524344,0.106453927
1988,DJF,Far South,1.639326548,-0.201806053,-0.095352126
1989,DJF,Far South,1.571728948,-0.0675976,-0.162949726
1990,DJF,Far South,1.761669069,0.189940122,0.026990395
1991,DJF,Far South,1.80540936,0.043740291,0.070730686
1992,DJF,Far South,1.493710163,-0.311699197,-0.240968511
1993,DJF,Far South,1.829780994,0.33607083,0.09510232
1994,DJF,Far South,2.063034122,0.233253128,0.328355448
1995,DJF,Far South,1.782671834,-0.280362288,0.04799316
1996,DJF,Far South,1.803608469,0.020936635,0.068929795
1997,DJF,Far South,1.837724012,0.034115543,0.103045338
1998,DJF,Far South,1.90505429,0.067330278,0.170375616
1999,DJF,Far South,1.956105812,0.051051521,0.221427138
2000,DJF,Far South,1.957395369,0.001289557,0.222716694
2001,DJF,Far South,1.964029501,0.006634133,0.229350827
2002,DJF,Far South,1.914156125,-0.049873376,0.17947745
2003,DJF,Far South,1.930475016,0.016318891,0.195796341
2004,DJF,Far South,1.970731921,0.040256905,0.236053246
2005,DJF,Far South,1.966461348,-0.004270572,0.231782674
2006,DJF,Far South,1.909812566,-0.056648783,0.175133892
2007,DJF,Far South,1.845813452,-0.063999114,0.111134778
2008,DJF,Far South,1.94876938,0.102955928,0.214090706
2009,DJF,Far South,1.973155643,0.024386263,0.238476968
2010,DJF,Far South,1.919911482,-0.053244161,0.185232808
2011,DJF,Far South,1.896852177,-0.023059304,0.162173503
2012,DJF,Far South,1.894753379,-0.002098798,0.160074705
2013,DJF,Far South,1.84632579,-0.048427589,0.111647116
2014,DJF,Far South,1.478287634,-0.368038156,-0.25639104
2015,DJF,Far South,1.428727311,-0.049560323,-0.305951363
2016,DJF,Far South,1.416085572,-0.012641739,-0.318593102
2017,DJF,Far South,1.547897094,0.131811521,-0.18678158
2018,DJF,Far South,1.412950486,-0.134946608,-0.321728188
2019,DJF,Far South,1.49386875,0.080918264,-0.240809924
2020,DJF,Far South,1.429476307,-0.064392443,-0.305202367
2021,DJF,Far South,1.440819627,0.01134332,-0.293859047
2022,DJF,Far South,1.448729316,0.007909689,-0.285949358
2023,DJF,Far South,1.469992768,0.021263451,-0.264685907
2024,DJF,Far South,1.421965489,-0.048027278,-0.312713185
1982,MAM,Northern,0.138285061,,0
1983,MAM,Northern,0.125814841,-0.01247022,-0.01247022
1984,MAM,Northern,0.130430875,0.004616033,-0.007854187
1985,MAM,Northern,0.162673813,0.032242938,0.024388752
1986,MAM,Northern,0.119874718,-0.042799095,-0.018410343
1987,MAM,Northern,0.12157861,0.001703892,-0.016706452
1988,MAM,Northern,0.117402505,-0.004176105,-0.020882557
1989,MAM,Northern,0.136891417,0.019488912,-0.001393645
1990,MAM,Northern,0.132330591,-0.004560826,-0.005954471
1991,MAM,Northern,0.138120125,0.005789535,-0.000164936
1992,MAM,Northern,0.11980192,-0.018318205,-0.018483141
1993,MAM,Northern,0.1335869,0.01378498,-0.004698161
1994,MAM,Northern,0.145840663,0.012253763,0.007555602
1995,MAM,Northern,0.136143194,-0.009697469,-0.002141867
1996,MAM,Northern,0.136637849,0.000494655,-0.001647213
1997,MAM,Northern,0.131426174,-0.005211674,-0.006858887
1998,MAM,Northern,0.121643759,-0.009782415,-0.016641302
1999,MAM,Northern,0.129338761,0.007695002,-0.0089463
2000,MAM,Northern,0.143259666,0.013920904,0.004974605
2001,MAM,Northern,0.191047811,0.047788145,0.052762749
2002,MAM,Northern,0.184815562,-0.006232249,0.0465305
2003,MAM,Northern,0.169627112,-0.01518845,0.03134205
2004,MAM,Northern,0.243147634,0.073520523,0.104862573
2005,MAM,Northern,0.17916492,-0.063982715,0.040879858
2006,MAM,Northern,0.180908535,0.001743615,0.042623474
2007,MAM,Northern,0.178299284,-0.002609251,0.040014222
2008,MAM,Northern,0.182202193,0.003902909,0.043917132
2009,MAM,Northern,0.176327113,-0.00587508,0.038042052
2010,MAM,Northern,0.179701353,0.003374239,0.041416291
2011,MAM,Northern,0.181816045,0.002114692,0.043530984
2012,MAM,Northern,0.175214931,-0.006601114,0.03692987
2013,MAM,Northern,0.183478784,0.008263853,0.045193723
2014,MAM,Northern,0.125979819,-0.057498965,-0.012305242
2015,MAM,Northern,0.110432278,-0.015547541,-0.027852783
2016,MAM,Northern,0.109476356,-0.000955922,-0.028808705
2017,MAM,Northern,0.108130054,-0.001346302,-0.030155007
2018,MAM,Northern,0.106151627,-0.001978428,-0.032133434
2019,MAM,Northern,0.11600963,0.009858003,-0.022275432
2020,MAM,Northern,0.12257456,0.00656493,-0.015710502
2021,MAM,Northern,0.131318824,0.008744264,-0.006966237
2022,MAM,Northern,0.119049736,-0.012269088,-0.019235326
2023,MAM,Northern,0.119807621,0.000757886,-0.01847744
2024,MAM,Northern,0.109550987,-0.010256634,-0.028734074
1982,MAM,Central,2.224353343,,0
1983,MAM,Central,2.031248437,-0.193104906,-0.193104906
1984,MAM,Central,2.229665676,0.198417238,0.005312333
1985,MAM,Central,2.103999261,-0.125666415,-0.120354082
1986,MAM,Central,2.235946109,0.131946849,0.011592766
1987,MAM,Central,2.210527787,-0.025418322,-0.013825556
1988,MAM,Central,2.20897974,-0.001548047,-0.015373603
1989,MAM,Central,2.117310974,-0.091668766,-0.107042369
1990,MAM,Central,2.171341476,0.054030502,-0.053011867
1991,MAM,Central,2.330930014,0.159588539,0.106576671
1992,MAM,Central,2.025053494,-0.305876521,-0.199299849
1993,MAM,Central,2.315024759,0.289971265,0.090671416
1994,MAM,Central,2.183031685,-0.131993074,-0.041321658
1995,MAM,Central,2.368952895,0.18592121,0.144599552
1996,MAM,Central,2.436771496,0.067818601,0.212418153
1997,MAM,Central,2.307668256,-0.12910324,0.083314913
1998,MAM,Central,2.20395851,-0.103709746,-0.020394833
1999,MAM,Central,2.386000219,0.18204171,0.161646876
2000,MAM,Central,2.260535393,-0.125464826,0.03618205
2001,MAM,Central,2.428306717,0.167771324,0.203953374
2002,MAM,Central,2.391263098,-0.037043618,0.166909755
2003,MAM,Central,2.267554549,-0.12370855,0.043201206
2004,MAM,Central,2.272653593,0.005099045,0.04830025
2005,MAM,Central,2.306199848,0.033546255,0.081846505
2006,MAM,Central,2.356517481,0.050317633,0.132164138
2007,MAM,Central,2.327795753,-0.028721728,0.10344241
2008,MAM,Central,2.446785337,0.118989584,0.222431994
2009,MAM,Central,2.412767154,-0.034018183,0.188413811
2010,MAM,Central,2.342908276,-0.069858878,0.118554933
2011,MAM,Central,2.258948364,-0.083959913,0.034595021
2012,MAM,Central,2.241622224,-0.01732614,0.017268881
2013,MAM,Central,2.400269673,0.158647449,0.17591633
2014,MAM,Central,2.180766486,-0.219503186,-0.043586857
2015,MAM,Central,2.095679565,-0.085086921,-0.128673778
2016,MAM,Central,1.864108185,-0.23157138,-0.360245158
2017,MAM,Central,2.108501625,0.24439344,-0.115851718
2018,MAM,Central,1.950846036,-0.157655589,-0.273507307
2019,MAM,Central,2.132483444,0.181637407,-0.091869899
2020,MAM,Central,2.06936178,-0.063121663,-0.154991563
2021,MAM,Central,2.110332473,0.040970692,-0.11402087
2022,MAM,Central,2.103469727,-0.006862745,-0.120883615
2023,MAM,Central,2.179515724,0.076045996,-0.044837619
2024,MAM,Central,2.114167128,-0.065348596,-0.110186215
1982,MAM,Southern,3.08789076,,0
1983,MAM,Southern,2.952391243,-0.135499517,-0.135499517
1984,MAM,Southern,2.955730856,0.003339613,-0.132159904
1985,MAM,Southern,2.698139437,-0.257591419,-0.389751323
1986,MAM,Southern,3.065951,0.367811563,-0.02193976
1987,MAM,Southern,2.972590811,-0.09336019,-0.115299949
1988,MAM,Southern,2.999548222,0.026957412,-0.088342538
1989,MAM,Southern,2.892050152,-0.107498071,-0.195840609
1990,MAM,Southern,3.060304247,0.168254096,-0.027586513
1991,MAM,Southern,3.127383267,0.06707902,0.039492507
1992,MAM,Southern,2.826632765,-0.300750503,-0.261257995
1993,MAM,Southern,2.9251871,0.098554335,-0.162703661
1994,MAM,Southern,2.887121139,-0.03806596,-0.200769621
1995,MAM,Southern,3.088323511,0.201202372,0.000432751
1996,MAM,Southern,3.164958287,0.076634776,0.077067527
1997,MAM,Southern,3.051809014,-0.113149274,-0.036081746
1998,MAM,Southern,3.039527768,-0.012281246,-0.048362992
1999,MAM,Southern,3.0858431,0.046315332,-0.00204766
2000,MAM,Southern,2.929855373,-0.155987727,-0.158035387
2001,MAM,Southern,3.247134036,0.317278663,0.159243275
2002,MAM,Southern,3.253577037,0.006443002,0.165686277
2003,MAM,Southern,3.105939362,-0.147637676,0.018048602
2004,MAM,Southern,3.077941697,-0.027997664,-0.009949063
2005,MAM,Southern,3.130439641,0.052497944,0.042548881
2006,MAM,Southern,3.203858221,0.07341858,0.115967461
2007,MAM,Southern,3.133419315,-0.070438906,0.045528555
2008,MAM,Southern,3.115860672,-0.017558643,0.027969912
2009,MAM,Southern,3.144717031,0.028856358,0.05682627
2010,MAM,Southern,3.169296721,0.024579691,0.081405961
2011,MAM,Southern,3.147078967,-0.022217754,0.059188207
2012,MAM,Southern,3.032341478,-0.114737489,-0.055549282
2013,MAM,Southern,3.082353443,0.050011964,-0.005537317
2014,MAM,Southern,2.647147508,-0.435205934,-0.440743252
2015,MAM,Southern,2.56088905,-0.086258458,-0.52700171
2016,MAM,Southern,2.562431563,0.001542512,-0.525459197
2017,MAM,Southern,2.643123953,0.08069239,-0.444766808
2018,MAM,Southern,2.672263994,0.029140042,-0.415626766
2019,MAM,Southern,2.668697319,-0.003566675,-0.419193441
2020,MAM,Southern,2.720797989,0.05210067,-0.367092771
2021,MAM,Southern,2.612862723,-0.107935266,-0.475028037
2022,MAM,Southern,2.627142979,0.014280256,-0.460747781
2023,MAM,Southern,2.593145065,-0.033997914,-0.494745695
2024,MAM,Southern,2.587718507,-0.005426558,-0.500172253
1982,MAM,Far South,1.618432462,,0
1983,MAM,Far South,1.477889581,-0.14054288,-0.14054288
1984,MAM,Far South,1.590565156,0.112675574,-0.027867306
1985,MAM,Far South,1.581122218,-0.009442937,-0.037310243
1986,MAM,Far South,1.619990841,0.038868623,0.00155838
1987,MAM,Far South,1.458431716,-0.161559125,-0.160000745
1988,MAM,Far South,1.608182012,0.149750296,-0.01025045
1989,MAM,Far South,1.529547283,-0.078634728,-0.088885178
1990,MAM,Far South,1.706027982,0.176480698,0.08759552
1991,MAM,Far South,1.665351637,-0.040676345,0.046919175
1992,MAM,Far South,1.199282811,-0.466068825,-0.41914965
1993,MAM,Far South,1.55304829,0.353765479,-0.065384171
1994,MAM,Far South,1.711386487,0.158338197,0.092954026
1995,MAM,Far South,1.645556185,-0.065830302,0.027123724
1996,MAM,Far South,1.703865176,0.058308991,0.085432715
1997,MAM,Far South,1.745658843,0.041793666,0.127226381
1998,MAM,Far South,1.607256203,-0.13840264,-0.011176258
1999,MAM,Far South,1.666614998,0.059358795,0.048182537
2000,MAM,Far South,1.588049147,-0.078565851,-0.030383315
2001,MAM,Far South,1.975393871,0.387344724,0.356961409
2002,MAM,Far South,1.814915404,-0.160478467,0.196482942
2003,MAM,Far South,1.837959001,0.023043597,0.219526539
2004,MAM,Far South,1.863632388,0.025673388,0.245199927
2005,MAM,Far South,1.682535219,-0.181097169,0.064102758
2006,MAM,Far South,1.864656841,0.182121622,0.24622438
2007,MAM,Far South,1.737283191,-0.12737365,0.11885073
2008,MAM,Far South,1.832182739,0.094899548,0.213750277
2009,MAM,Far South,1.919444165,0.087261426,0.301011703
2010,MAM,Far South,1.841208903,-0.078235262,0.222776441
2011,MAM,Far South,1.886178069,0.044969167,0.267745608
2012,MAM,Far South,1.753360062,-0.132818007,0.134927601
2013,MAM,Far South,1.729345398,-0.024014664,0.110912937
2014,MAM,Far South,1.56618677,-0.163158628,-0.052245691
2015,MAM,Far South,1.573003635,0.006816864,-0.045428827
2016,MAM,Far South,1.559732504,-0.01327113,-0.058699957
2017,MAM,Far South,1.651921551,0.092189046,0.033489089
2018,MAM,Far South,1.630128263,-0.021793288,0.011695801
2019,MAM,Far South,1.46825686,-0.161871403,-0.150175602
2020,MAM,Far South,1.496736012,0.028479153,-0.121696449
2021,MAM,Far South,1.54491907,0.048183058,-0.073513391
2022,MAM,Far South,1.569936882,0.025017812,-0.04849558
2023,MAM,Far South,1.509086363,-0.060850519,-0.109346099
2024,MAM,Far South,1.43007437,-0.079011992,-0.188358091
1982,JJA,Northern,0.243180981,,0
1983,JJA,Northern,0.273363058,0.030182077,0.030182077
1984,JJA,Northern,0.244782679,-0.028580379,0.001601698
1985,JJA,Northern,0.285605837,0.040823158,0.042424856
1986,JJA,Northern,0.274456875,-0.011148961,0.031275894
1987,JJA,Northern,0.271673099,-0.002783776,0.028492119
1988,JJA,Northern,0.315509251,0.043836152,0.07232827
1989,JJA,Northern,0.325684241,0.01017499,0.08250326
1990,JJA,Northern,0.310297245,-0.015386996,0.067116264
1991,JJA,Northern,0.310740484,0.000443239,0.067559503
1992,JJA,Northern,0.279846683,-0.030893801,0.036665702
1993,JJA,Northern,0.345099035,0.065252352,0.101918054
1994,JJA,Northern,0.402623595,0.05752456,0.159442614
1995,JJA,Northern,0.339391857,-0.063231738,0.096210876
1996,JJA,Northern,0.314403273,-0.024988584,0.071222292
1997,JJA,Northern,0.330414093,0.01601082,0.087233112
1998,JJA,Northern,0.261497527,-0.068916567,0.018316546
1999,JJA,Northern,0.302793804,0.041296278,0.059612823
2000,JJA,Northern,0.33375875,0.030964946,0.09057777
2001,JJA,Northern,0.500282095,0.166523345,0.257101115
2002,JJA,Northern,0.454432941,-0.045849154,0.21125196
2003,JJA,Northern,0.510868282,0.056435341,0.267687301
2004,JJA,Northern,0.486458761,-0.024409521,0.24327778
2005,JJA,Northern,0.44292206,-0.043536701,0.199741079
2006,JJA,Northern,0.468195903,0.025273843,0.225014922
2007,JJA,Northern,0.515777452,0.047581549,0.272596471
2008,JJA,Northern,0.471014138,-0.044763314,0.227833158
2009,JJA,Northern,0.449152561,-0.021861578,0.20597158
2010,JJA,Northern,0.488872036,0.039719475,0.245691055
2011,JJA,Northern,0.454551178,-0.034320858,0.211370197
2012,JJA,Northern,0.535529615,0.080978438,0.292348635
2013,JJA,Northern,0.456475852,-0.079053763,0.213294871
2014,JJA,Northern,0.209051103,-0.247424749,-0.034129878
2015,JJA,Northern,0.208418758,-0.000632345,-0.034762223
2016,JJA,Northern,0.223348837,0.014930079,-0.019832144
2017,JJA,Northern,0.193373809,-0.029975028,-0.049807171
2018,JJA,Northern,0.22122243,0.02784862,-0.021958551
2019,JJA,Northern,0.230993207,0.009770777,-0.012187774
2020,JJA,Northern,0.207348985,-0.023644221,-0.035831996
2021,JJA,Northern,0.215200132,0.007851147,-0.027980849
2022,JJA,Northern,0.17846292,-0.036737212,-0.064718061
2023,JJA,Northern,0.274034234,0.095571314,0.030853253
2024,JJA,Northern,0.164253815,-0.109780419,-0.078927166
1982,JJA,Central,2.861808538,,0
1983,JJA,Central,2.976830294,0.115021756,0.115021756
1984,JJA,Central,3.009506952,0.032676658,0.147698414
1985,JJA,Central,2.996606105,-0.012900847,0.134797567
1986,JJA,Central,2.999327132,0.002721026,0.137518594
1987,JJA,Central,3.016442585,0.017115453,0.154634047
1988,JJA,Central,3.059619812,0.043177227,0.197811274
1989,JJA,Central,2.958141943,-0.101477869,0.096333405
1990,JJA,Central,2.97649155,0.018349607,0.114683012
1991,JJA,Central,2.765413381,-0.211078169,-0.096395157
1992,JJA,Central,2.844454401,0.07904102,-0.017354137
1993,JJA,Central,3.007040246,0.162585845,0.145231708
1994,JJA,Central,2.862893788,-0.144146457,0.00108525
1995,JJA,Central,3.059225947,0.196332159,0.197417409
1996,JJA,Central,3.041847131,-0.017378816,0.180038593
1997,JJA,Central,3.067043451,0.02519632,0.205234913
1998,JJA,Central,2.985608274,-0.081435177,0.123799736
1999,JJA,Central,3.052888574,0.0672803,0.191080036
2000,JJA,Central,2.946969539,-0.105919035,0.085161001
2001,JJA,Central,3.140272055,0.193302517,0.278463517
2002,JJA,Central,3.126918644,-0.013353411,0.265110106
2003,JJA,Central,3.075074657,-0.051843987,0.213266119
2004,JJA,Central,3.096508423,0.021433766,0.234699885
2005,JJA,Central,3.108453198,0.011944775,0.24664466
2006,JJA,Central,3.107164682,-0.001288516,0.245356144
2007,JJA,Central,3.175631762,0.06846708,0.313823224
2008,JJA,Central,3.130866922,-0.04476484,0.269058384
2009,JJA,Central,3.081633931,-0.049232991,0.219825393
2010,JJA,Central,3.026233507,-0.055400424,0.164424969
2011,JJA,Central,3.049544811,0.023311303,0.187736273
2012,JJA,Central,3.037228514,-0.012316297,0.175419976
2013,JJA,Central,3.017421082,-0.019807432,0.155612544
2014,JJA,Central,2.405881419,-0.611539663,-0.455927119
2015,JJA,Central,2.306195917,-0.099685502,-0.555612621
2016,JJA,Central,2.397523503,0.091327586,-0.464285035
2017,JJA,Central,2.279346407,-0.118177095,-0.582462131
2018,JJA,Central,2.408591884,0.129245477,-0.453216654
2019,JJA,Central,2.334496173,-0.074095712,-0.527312365
2020,JJA,Central,2.369102571,0.034606398,-0.492705967
2021,JJA,Central,2.447035468,0.077932897,-0.41477307
2022,JJA,Central,2.380537281,-0.066498187,-0.481271257
2023,JJA,Central,2.252272119,-0.128265162,-0.609536419
2024,JJA,Central,2.2191089,-0.033163219,-0.642699638
1982,JJA,Southern,1.961949593,,0
1983,JJA,Southern,1.89663171,-0.065317883,-0.065317883
1984,JJA,Southern,1.927982789,0.031351079,-0.033966804
1985,JJA,Southern,2.078160435,0.150177646,0.116210842
1986,JJA,Southern,2.101713137,0.023552702,0.139763544
1987,JJA,Southern,1.993657319,-0.108055819,0.031707725
1988,JJA,Southern,1.974868756,-0.018788563,0.012919163
1989,JJA,Southern,2.088816098,0.113947342,0.126866504
1990,JJA,Southern,2.065530268,-0.02328583,0.103580675
1991,JJA,Southern,2.084673958,0.01914369,0.122724365
1992,JJA,Southern,1.948439328,-0.13623463,-0.013510265
1993,JJA,Southern,1.921164593,-0.027274736,-0.040785001
1994,JJA,Southern,1.859398434,-0.061766159,-0.10255116
1995,JJA,Southern,2.140648386,0.281249952,0.178698793
1996,JJA,Southern,2.193054866,0.05240648,0.231105273
1997,JJA,Southern,2.184051234,-0.009003633,0.22210164
1998,JJA,Southern,2.089626189,-0.094425045,0.127676595
1999,JJA,Southern,2.134134868,0.04450868,0.172185275
2000,JJA,Southern,1.868839885,-0.265294983,-0.093109708
2001,JJA,Southern,2.194161889,0.325322005,0.232212296
2002,JJA,Southern,2.205260567,0.011098677,0.243310974
2003,JJA,Southern,2.129136039,-0.076124528,0.167186446
2004,JJA,Southern,2.010666558,-0.118469481,0.048716965
2005,JJA,Southern,2.025654598,0.01498804,0.063705005
2006,JJA,Southern,2.213917324,0.188262726,0.251967731
2007,JJA,Southern,2.190870591,-0.023046733,0.228920998
2008,JJA,Southern,2.148322629,-0.042547961,0.186373036
2009,JJA,Southern,2.159330038,0.011007408,0.197380444
2010,JJA,Southern,2.082657947,-0.07667209,0.120708354
2011,JJA,Southern,2.077811696,-0.004846251,0.115862103
2012,JJA,Southern,2.006227586,-0.07158411,0.044277993
2013,JJA,Southern,2.022582805,0.016355219,0.060633212
2014,JJA,Southern,1.807588777,-0.214994028,-0.154360816
2015,JJA,Southern,1.859696059,0.052107282,-0.102253534
2016,JJA,Southern,2.093966504,0.234270445,0.13201691
2017,JJA,Southern,1.844679033,-0.249287471,-0.117270561
2018,JJA,Southern,2.198604298,0.353925266,0.236654705
2019,JJA,Southern,1.916347859,-0.282256439,-0.045601734
2020,JJA,Southern,1.955111849,0.038763989,-0.006837745
2021,JJA,Southern,2.147792359,0.19268051,0.185842766
2022,JJA,Southern,1.955868207,-0.191924152,-0.006081386
2023,JJA,Southern,1.885300166,-0.070568041,-0.076649427
2024,JJA,Southern,1.731614818,-0.153685348,-0.230334775
1982,JJA,Far South,0.745940512,,0
1983,JJA,Far South,0.640496212,-0.1054443,-0.1054443
1984,JJA,Far South,0.703394981,0.062898769,-0.042545531
1985,JJA,Far South,0.788072094,0.084677113,0.042131582
1986,JJA,Far South,0.797015425,0.008943331,0.051074913
1987,JJA,Far South,0.611259637,-0.185755788,-0.134680875
1988,JJA,Far South,0.702876106,0.091616469,-0.043064406
1989,JJA,Far South,0.78411842,0.081242314,0.038177908
1990,JJA,Far South,0.800528619,0.016410199,0.054588107
1991,JJA,Far South,0.777391088,-0.023137532,0.031450576
1992,JJA,Far South,0.594453536,-0.182937552,-0.151486976
1993,JJA,Far South,0.770066568,0.175613032,0.024126056
1994,JJA,Far South,0.571574325,-0.198492243,-0.174366187
1995,JJA,Far South,0.804765995,0.233191671,0.058825483
1996,JJA,Far South,0.882498238,0.077732243,0.136557726
1997,JJA,Far South,0.874147226,-0.008351012,0.128206714
1998,JJA,Far South,0.781838444,-0.092308782,0.035897932
1999,JJA,Far South,0.754332632,-0.027505812,0.00839212
2000,JJA,Far South,0.699145736,-0.055186896,-0.046794776
2001,JJA,Far South,0.973923043,0.274777308,0.227982531
2002,JJA,Far South,0.866314789,-0.107608255,0.120374277
2003,JJA,Far South,0.89688334,0.030568552,0.150942829
2004,JJA,Far South,0.885294681,-0.01158866,0.139354169
2005,JJA,Far South,0.749508634,-0.135786046,0.003568122
2006,JJA,Far South,0.968668353,0.219159719,0.222727841
2007,JJA,Far South,0.817862805,-0.150805548,0.071922293
2008,JJA,Far South,0.897761817,0.079899012,0.151821305
2009,JJA,Far South,0.916018561,0.018256744,0.170078049
2010,JJA,Far South,0.912858687,-0.003159874,0.166918175
2011,JJA,Far South,0.824920199,-0.087938489,0.078979687
2012,JJA,Far South,0.789887685,-0.035032514,0.043947173
2013,JJA,Far South,0.797154064,0.007266379,0.051213552
2014,JJA,Far South,0.915674875,0.118520812,0.169734364
2015,JJA,Far South,0.901688729,-0.013986147,0.155748217
2016,JJA,Far South,0.877215856,-0.024472873,0.131275344
2017,JJA,Far South,0.969450423,0.092234567,0.223509911
2018,JJA,Far South,0.971384468,0.001934045,0.225443956
2019,JJA,Far South,0.83919591,-0.132188558,0.093255398
2020,JJA,Far South,0.868179534,0.028983624,0.122239022
2021,JJA,Far South,0.902884905,0.034705371,0.156944393
2022,JJA,Far South,0.945268708,0.042383803,0.199328196
2023,JJA,Far South,0.864409271,-0.080859437,0.118468759
2024,JJA,Far South,0.79798254,-0.066426731,0.052042028
1982,SON,Northern,0.312859379,,0
1983,SON,Northern,0.322190953,0.009331574,0.009331574
1984,SON,Northern,0.26841542,-0.053775533,-0.044443959
1985,SON,Northern,0.323033922,0.054618502,0.010174543
1986,SON,Northern,0.349954443,0.026920521,0.037095064
1987,SON,Northern,0.317667047,-0.032287396,0.004807668
1988,SON,Northern,0.311702693,-0.005964355,-0.001156686
1989,SON,Northern,0.341199944,0.029497251,0.028340565
1990,SON,Northern,0.321115629,-0.020084315,0.00825625
1991,SON,Northern,0.252553345,-0.068562284,-0.060306034
1992,SON,Northern,0.337603561,0.085050216,0.024744181
1993,SON,Northern,0.353481241,0.01587768,0.040621861
1994,SON,Northern,0.621051298,0.267570057,0.308191918
1995,SON,Northern,0.384732517,-0.23631878,0.071873138
1996,SON,Northern,0.348044249,-0.036688268,0.035184869
1997,SON,Northern,0.355639971,0.007595723,0.042780592
1998,SON,Northern,0.416058874,0.060418903,0.103199495
1999,SON,Northern,0.438435883,0.022377009,0.125576504
2000,SON,Northern,0.390284185,-0.048151698,0.077424806
2001,SON,Northern,0.543022356,0.152738171,0.230162977
2002,SON,Northern,0.468486653,-0.074535703,0.155627274
2003,SON,Northern,0.455107924,-0.013378729,0.142248545
2004,SON,Northern,0.385451166,-0.069656758,0.072591787
2005,SON,Northern,0.389701615,0.004250449,0.076842236
2006,SON,Northern,0.524965606,0.135263991,0.212106227
2007,SON,Northern,0.508923027,-0.016042579,0.196063648
2008,SON,Northern,0.480433493,-0.028489533,0.167574114
2009,SON,Northern,0.438688185,-0.041745308,0.125828806
2010,SON,Northern,0.55923878,0.120550595,0.246379401
2011,SON,Northern,0.554025507,-0.005213274,0.241166127
2012,SON,Northern,0.563040848,0.009015342,0.250181469
2013,SON,Northern,0.520749017,-0.042291832,0.207889637
2014,SON,Northern,0.359748864,-0.161000153,0.046889485
2015,SON,Northern,0.328103931,-0.031644933,0.015244551
2016,SON,Northern,0.30559612,-0.022507811,-0.007263259
2017,SON,Northern,0.282474381,-0.023121739,-0.030384998
2018,SON,Northern,0.351028589,0.068554208,0.03816921
2019,SON,Northern,0.383043983,0.032015393,0.070184603
2020,SON,Northern,0.377147954,-0.005896029,0.064288575
2021,SON,Northern,0.343663751,-0.033484203,0.030804372
2022,SON,Northern,0.38440984,0.04074609,0.071550461
2023,SON,Northern,0.322651987,-0.061757853,0.009792608
2024,SON,Northern,0.424028951,0.101376964,0.111169572
1982,SON,Central,2.427964263,,0
1983,SON,Central,2.58439266,0.156428398,0.156428398
1984,SON,Central,2.590428746,0.006036086,0.162464483
1985,SON,Central,2.637891586,0.04746284,0.209927323
1986,SON,Central,2.701489573,0.063597987,0.27352531
1987,SON,Central,2.672696623,-0.02879295,0.24473236
1988,SON,Central,2.405393089,-0.267303534,-0.022571174
1989,SON,Central,2.685761694,0.280368605,0.257797431
1990,SON,Central,2.76816034,0.082398646,0.340196077
1991,SON,Central,2.094894877,-0.673265463,-0.333069386
1992,SON,Central,2.591212937,0.49631806,0.163248674
1993,SON,Central,2.614260344,0.023047407,0.186296082
1994,SON,Central,2.965190921,0.350930576,0.537226658
1995,SON,Central,2.783847075,-0.181343846,0.355882812
1996,SON,Central,2.685563051,-0.098284024,0.257598788
1997,SON,Central,2.826672439,0.141109388,0.398708176
1998,SON,Central,2.812294473,-0.014377966,0.38433021
1999,SON,Central,2.824019127,0.011724654,0.396054864
2000,SON,Central,2.739708926,-0.084310201,0.311744663
2001,SON,Central,2.950170649,0.210461723,0.522206386
2002,SON,Central,2.897662,-0.052508649,0.469697737
2003,SON,Central,2.870364568,-0.027297432,0.442400305
2004,SON,Central,2.871861597,0.001497029,0.443897334
2005,SON,Central,2.861587572,-0.010274026,0.433623309
2006,SON,Central,2.880084302,0.01849673,0.452120039
2007,SON,Central,2.819645525,-0.060438777,0.391681262
2008,SON,Central,2.83453697,0.014891445,0.406572707
2009,SON,Central,2.848803422,0.014266452,0.420839159
2010,SON,Central,2.891406355,0.042602933,0.463442092
2011,SON,Central,2.895512501,0.004106147,0.467548238
2012,SON,Central,2.858512624,-0.036999878,0.430548361
2013,SON,Central,2.869818951,0.011306327,0.441854688
2014,SON,Central,2.401888876,-0.467930074,-0.026075386
2015,SON,Central,2.403618703,0.001729826,-0.02434556
2016,SON,Central,2.467041628,0.063422925,0.039077365
2017,SON,Central,2.36571861,-0.101323018,-0.062245653
2018,SON,Central,2.442878111,0.077159501,0.014913849
2019,SON,Central,2.44723047,0.004352358,0.019266207
2020,SON,Central,2.476830803,0.029600333,0.04886654
2021,SON,Central,2.441391517,-0.035439287,0.013427254
2022,SON,Central,2.451464952,0.010073436,0.02350069
2023,SON,Central,2.33966147,-0.111803482,-0.088302793
2024,SON,Central,2.491264717,0.151603247,0.063300454
1982,SON,Southern,2.549807663,,0
1983,SON,Southern,2.601994849,0.052187186,0.052187186
1984,SON,Southern,2.661081907,0.059087058,0.111274244
1985,SON,Southern,2.713047535,0.051965627,0.163239871
1986,SON,Southern,2.671582552,-0.041464983,0.121774889
1987,SON,Southern,2.737584684,0.066002132,0.187777021
1988,SON,Southern,2.409623398,-0.327961286,-0.140184265
1989,SON,Southern,2.578336229,0.168712831,0.028528566
1990,SON,Southern,2.640004551,0.061668321,0.090196887
1991,SON,Southern,2.133041909,-0.506962641,-0.416765754
1992,SON,Southern,2.590749464,0.457707554,0.0409418
1993,SON,Southern,2.532516323,-0.058233141,-0.017291341
1994,SON,Southern,2.134545376,-0.397970947,-0.415262287
1995,SON,Southern,2.575872058,0.441326682,0.026064394
1996,SON,Southern,2.608588672,0.032716615,0.058781009
1997,SON,Southern,2.680274581,0.071685909,0.130466918
1998,SON,Southern,2.690182769,0.009908189,0.140375106
1999,SON,Southern,2.691583804,0.001401034,0.14177614
2000,SON,Southern,2.588783268,-0.102800536,0.038975604
2001,SON,Southern,2.772987039,0.184203771,0.223179376
2002,SON,Southern,2.708427199,-0.06455984,0.158619536
2003,SON,Southern,2.65777797,-0.050649229,0.107970307
2004,SON,Southern,2.708444607,0.050666636,0.158636943
2005,SON,Southern,2.667027275,-0.041417332,0.117219611
2006,SON,Southern,2.596727862,-0.070299413,0.046920198
2007,SON,Southern,2.663881911,0.06715405,0.114074248
2008,SON,Southern,2.632111014,-0.031770897,0.08230335
2009,SON,Southern,2.710408686,0.078297672,0.160601022
2010,SON,Southern,2.582164753,-0.128243933,0.03235709
2011,SON,Southern,2.585770695,0.003605941,0.035963031
2012,SON,Southern,2.590516334,0.004745639,0.04070867
2013,SON,Southern,2.611767576,0.021251242,0.061959912
2014,SON,Southern,2.229370033,-0.382397542,-0.32043763
2015,SON,Southern,2.189762232,-0.039607801,-0.360045431
2016,SON,Southern,2.275057937,0.085295704,-0.274749727
2017,SON,Southern,2.33704562,0.061987683,-0.212762043
2018,SON,Southern,2.391408007,0.054362387,-0.158399656
2019,SON,Southern,2.339623725,-0.051784282,-0.210183938
2020,SON,Southern,2.245845201,-0.093778524,-0.303962462
2021,SON,Southern,2.394523368,0.148678167,-0.155284296
2022,SON,Southern,2.342368405,-0.052154962,-0.207439258
2023,SON,Southern,2.138351013,-0.204017392,-0.41145665
2024,SON,Southern,2.102795885,-0.035555128,-0.447011779
1982,SON,Far South,0.786905565,,0
1983,SON,Far South,0.745312133,-0.041593432,-0.041593432
1984,SON,Far South,0.812875941,0.067563808,0.025970377
1985,SON,Far South,0.840587605,0.027711664,0.053682041
1986,SON,Far South,0.93613331,0.095545704,0.149227745
1987,SON,Far South,0.838473789,-0.097659521,0.051568224
1988,SON,Far South,0.669652343,-0.168821445,-0.117253221
1989,SON,Far South,0.80731584,0.137663497,0.020410276
1990,SON,Far South,0.783225243,-0.024090598,-0.003680322
1991,SON,Far South,0.550908311,-0.232316931,-0.235997253
1992,SON,Far South,0.732001515,0.181093204,-0.054904049
1993,SON,Far South,0.8671494,0.135147884,0.080243835
1994,SON,Far South,0.632467528,-0.234681871,-0.154438036
1995,SON,Far South,0.761419887,0.128952358,-0.025485678
1996,SON,Far South,0.759698777,-0.00172111,-0.027206787
1997,SON,Far South,0.923183697,0.16348492,0.136278133
1998,SON,Far South,0.798939795,-0.124243902,0.012034231
1999,SON,Far South,0.814199506,0.01525971,0.027293941
2000,SON,Far South,0.898706367,0.084506862,0.111800803
2001,SON,Far South,0.999547807,0.100841439,0.212642242
2002,SON,Far South,0.932698651,-0.066849156,0.145793086
2003,SON,Far South,0.842144188,-0.090554463,0.055238623
2004,SON,Far South,0.913372209,0.071228021,0.126466644
2005,SON,Far South,0.813334231,-0.100037978,0.026428667
2006,SON,Far South,0.886815291,0.07348106,0.099909727
2007,SON,Far South,0.86305791,-0.023757381,0.076152346
2008,SON,Far South,0.868380016,0.005322105,0.081474451
2009,SON,Far South,0.940909206,0.07252919,0.154003641
2010,SON,Far South,0.802990094,-0.137919112,0.016084529
2011,SON,Far South,0.820367784,0.01737769,0.03346222
2012,SON,Far South,0.797885601,-0.022482184,0.010980036
2013,SON,Far South,0.845131413,0.047245812,0.058225848
2014,SON,Far South,0.711662762,-0.133468651,-0.075242803
2015,SON,Far South,0.775112427,0.063449666,-0.011793137
2016,SON,Far South,0.706516383,-0.068596045,-0.080389182
2017,SON,Far South,0.817570598,0.111054216,0.030665034
2018,SON,Far South,0.86742355,0.049852951,0.080517985
2019,SON,Far South,0.740318229,-0.127105321,-0.046587336
2020,SON,Far South,0.787198384,0.046880155,0.000292819
2021,SON,Far South,0.835983326,0.048784943,0.049077761
2022,SON,Far South,0.763796992,-0.072186334,-0.023108573
2023,SON,Far South,0.791510141,0.02771315,0.004604577
2024,SON,Far South,0.685405805,-0.106104336,-0.10149976